contract_id,lead_id,contract_start_date,contract_end_date,monthly_rent,channel,property_type,status
K00001,L00019,2024-07-20,2025-07-20,450000,중개플랫폼,투룸,재계약
K00002,L00032,2024-06-21,2025-06-21,450000,중개사,투룸,만료_미갱신
K00003,L00035,2024-07-16,2025-07-16,650000,중개플랫폼,원룸,재계약
K00004,L00061,2024-06-22,2025-06-22,450000,중개플랫폼,투룸,재계약
K00005,L00065,2024-07-06,2025-07-06,450000,중개플랫폼,원룸,재계약
K00006,L00071,2024-06-22,2025-06-22,550000,직영,상가,재계약
K00007,L00088,2024-07-19,2025-07-19,650000,중개플랫폼,원룸,재계약
K00008,L00105,2024-07-16,2025-07-16,650000,중개플랫폼,상가,재계약
K00009,L00141,2024-07-11,2025-07-11,450000,중개사,원룸,만료_미갱신
K00010,L00164,2024-08-12,2025-08-12,650000,중개사,투룸,재계약
K00011,L00174,2024-09-07,2025-09-07,550000,중개플랫폼,투룸,만료_미갱신
K00012,L00178,2024-08-22,2025-08-22,800000,직영,투룸,재계약
K00013,L00184,2024-09-20,2025-09-20,550000,중개플랫폼,상가,재계약
K00014,L00186,2024-08-28,2025-08-28,450000,중개사,상가,재계약
K00015,L00188,2024-08-30,2025-08-30,550000,중개플랫폼,원룸,만료_미갱신
K00016,L00192,2024-09-09,2025-09-09,800000,중개플랫폼,투룸,재계약
K00017,L00201,2024-09-13,2025-09-13,550000,중개플랫폼,투룸,재계약
K00018,L00202,2024-09-08,2025-09-08,450000,중개플랫폼,투룸,재계약
K00019,L00209,2024-08-28,2025-08-28,1200000,중개플랫폼,원룸,재계약
K00020,L00212,2024-09-09,2025-09-09,450000,중개사,원룸,재계약
K00021,L00217,2024-10-11,2025-10-11,450000,중개플랫폼,원룸,재계약
K00022,L00219,2024-09-22,2025-09-22,650000,중개플랫폼,원룸,재계약
K00023,L00227,2024-10-20,2025-10-20,800000,중개플랫폼,투룸,만료_미갱신
K00024,L00228,2024-10-07,2025-10-07,450000,중개플랫폼,투룸,만료_미갱신
K00025,L00245,2024-09-21,2025-09-21,650000,중개사,투룸,만료_미갱신
K00026,L00251,2024-09-26,2025-09-26,450000,직영,투룸,재계약
K00027,L00254,2024-09-24,2025-09-24,650000,중개사,투룸,재계약
K00028,L00255,2024-09-26,2025-09-26,650000,중개사,투룸,재계약
K00029,L00262,2024-10-10,2025-10-10,1200000,중개플랫폼,투룸,재계약
K00030,L00266,2024-09-30,2025-09-30,1200000,직영,원룸,만료_미갱신
K00031,L00287,2024-10-02,2025-10-02,800000,중개플랫폼,원룸,만료_미갱신
K00032,L00288,2024-10-17,2025-10-17,550000,중개플랫폼,상가,재계약
K00033,L00296,2024-10-07,2025-10-07,800000,직영,원룸,중도해지
K00034,L00299,2024-10-14,2025-10-14,450000,중개플랫폼,원룸,만료_미갱신
K00035,L00330,2024-10-14,2025-10-14,650000,직영,원룸,재계약
K00036,L00339,2024-10-30,2025-10-30,450000,중개플랫폼,상가,만료_미갱신
K00037,L00341,2024-10-17,2025-10-17,800000,중개사,상가,만료_미갱신
K00038,L00344,2024-11-16,2025-11-16,800000,중개사,원룸,재계약
K00039,L00348,2024-11-03,2025-11-03,1200000,중개플랫폼,투룸,만료_미갱신
K00040,L00353,2024-11-04,2025-11-04,450000,중개플랫폼,원룸,만료_미갱신
K00041,L00363,2024-10-27,2025-10-27,650000,직영,상가,재계약
K00042,L00373,2024-12-06,2025-12-06,650000,중개플랫폼,상가,재계약
K00043,L00421,2024-12-16,2025-12-16,550000,중개플랫폼,투룸,재계약
K00044,L00423,2024-12-04,2025-12-04,550000,중개플랫폼,투룸,만료_미갱신
K00045,L00430,2024-11-25,2025-11-25,650000,중개플랫폼,원룸,재계약
K00046,L00431,2024-12-02,2025-12-02,550000,직영,투룸,재계약
K00047,L00437,2025-01-11,2026-01-11,550000,직영,원룸,계약중
K00048,L00438,2025-01-07,2026-01-07,800000,중개플랫폼,원룸,계약중
K00049,L00467,2025-01-08,2026-01-08,650000,중개사,투룸,계약중
K00050,L00473,2025-01-05,2026-01-05,550000,중개플랫폼,투룸,계약중
K00051,L00475,2024-12-31,2025-12-31,550000,직영,상가,재계약
K00052,L00485,2024-12-29,2025-12-29,550000,중개사,원룸,만료_미갱신
K00053,L00491,2024-12-28,2025-12-28,1200000,중개사,원룸,만료_미갱신
K00054,L00492,2024-12-19,2025-12-19,450000,중개플랫폼,원룸,재계약
K00055,L00505,2025-01-20,2026-01-20,650000,중개플랫폼,원룸,계약중
K00056,L00531,2025-01-30,2026-01-30,650000,직영,상가,계약중
K00057,L00561,2025-02-12,2026-02-12,650000,중개사,투룸,계약중
K00058,L00567,2025-02-08,2026-02-08,550000,중개플랫폼,원룸,계약중
K00059,L00573,2025-01-28,2026-01-28,800000,직영,원룸,계약중
K00060,L00574,2025-02-21,2026-02-21,450000,중개플랫폼,원룸,계약중
K00061,L00588,2025-02-09,2026-02-09,800000,중개플랫폼,상가,계약중
K00062,L00613,2025-03-06,2026-03-06,650000,중개사,원룸,계약중
K00063,L00634,2025-02-24,2026-02-24,1200000,직영,원룸,계약중
K00064,L00636,2025-03-14,2026-03-14,650000,중개플랫폼,투룸,계약중
K00065,L00641,2025-03-11,2026-03-11,650000,중개플랫폼,투룸,계약중
K00066,L00645,2025-03-10,2026-03-10,1200000,중개플랫폼,투룸,계약중
K00067,L00652,2025-03-21,2026-03-21,650000,직영,원룸,계약중
K00068,L00660,2025-03-18,2026-03-18,650000,중개사,원룸,계약중
K00069,L00674,2025-04-22,2026-04-22,550000,중개사,투룸,계약중
K00070,L00712,2025-04-12,2026-04-12,650000,직영,원룸,계약중
K00071,L00717,2025-03-23,2026-03-23,450000,중개사,원룸,계약중
K00072,L00726,2025-04-21,2026-04-21,800000,중개사,투룸,계약중
K00073,L00741,2025-05-18,2026-05-18,550000,직영,투룸,계약중
K00074,L00764,2025-05-11,2026-05-11,1200000,직영,원룸,계약중
K00075,L00769,2025-04-26,2026-04-26,800000,중개사,투룸,계약중
K00076,L00791,2025-04-16,2026-04-16,450000,중개사,상가,계약중
K00077,L00798,2025-05-06,2026-05-06,1200000,직영,상가,계약중
K00078,L00813,2025-05-25,2026-05-25,1200000,직영,상가,계약중
K00079,L00815,2025-06-08,2026-06-08,650000,중개플랫폼,원룸,계약중
K00080,L00827,2025-05-24,2026-05-24,650000,중개플랫폼,원룸,계약중
K00081,L00844,2025-05-15,2026-05-15,1200000,중개플랫폼,원룸,계약중
K00082,L00852,2025-06-14,2026-06-14,650000,직영,원룸,계약중
K00083,L00853,2025-05-25,2026-05-25,450000,중개사,원룸,계약중
K00084,L00854,2025-06-03,2026-06-03,450000,직영,원룸,계약중
K00085,L00875,2025-06-21,2026-06-21,650000,중개사,원룸,계약중
K00086,L00905,2025-07-13,2026-07-13,550000,직영,원룸,계약중
K00087,L00906,2025-07-12,2026-07-12,450000,중개사,원룸,계약중
K00088,L00915,2025-07-24,2026-07-24,450000,중개사,상가,계약중
K00089,L00917,2025-06-22,2026-06-22,450000,중개플랫폼,원룸,계약중
K00090,L00925,2025-07-06,2026-07-06,550000,중개플랫폼,상가,계약중
K00091,L00932,2025-07-08,2026-07-08,550000,중개플랫폼,투룸,계약중
K00092,L00942,2025-08-10,2026-08-10,1200000,중개플랫폼,원룸,계약중
K00093,L00944,2025-08-07,2026-08-07,450000,중개플랫폼,원룸,계약중
K00094,L00945,2025-08-19,2026-08-19,800000,중개플랫폼,상가,계약중
K00095,L00950,2025-07-23,2026-07-23,550000,직영,투룸,계약중
K00096,L00952,2025-07-28,2026-07-28,550000,중개플랫폼,원룸,계약중
K00097,L00970,2025-08-08,2026-08-08,550000,중개사,원룸,계약중
K00098,L00993,2025-08-14,2026-08-14,550000,중개플랫폼,투룸,계약중
K00099,L01002,2025-08-02,2026-08-02,800000,중개플랫폼,투룸,계약중
K00100,L01010,2025-08-19,2026-08-19,550000,중개플랫폼,원룸,계약중
K00101,L01014,2025-07-28,2026-07-28,650000,중개플랫폼,원룸,계약중
K00102,L01018,2025-07-24,2026-07-24,650000,중개플랫폼,원룸,계약중
K00103,L01022,2025-08-01,2026-08-01,650000,중개플랫폼,투룸,계약중
K00104,L01024,2025-08-09,2026-08-09,550000,중개사,투룸,계약중
K00105,L01040,2025-09-15,2026-09-15,550000,중개사,원룸,계약중
K00106,L01041,2025-08-17,2026-08-17,650000,중개플랫폼,상가,중도해지
K00107,L01053,2025-09-17,2026-09-17,450000,중개사,투룸,계약중
K00108,L01066,2025-08-27,2026-08-27,450000,중개사,원룸,계약중
K00109,L01096,2025-08-22,2026-08-22,450000,중개플랫폼,상가,계약중
K00110,L01097,2025-08-25,2026-08-25,650000,직영,투룸,계약중
K00111,L01115,2025-08-24,2026-08-24,1200000,중개플랫폼,원룸,계약중
K00112,L01116,2025-09-20,2026-09-20,550000,중개사,원룸,계약중
K00113,L01123,2025-10-14,2026-10-14,450000,중개플랫폼,상가,계약중
K00114,L01133,2025-10-17,2026-10-17,650000,중개플랫폼,투룸,계약중
K00115,L01135,2025-09-21,2026-09-21,650000,중개사,원룸,계약중
K00116,L01137,2025-10-09,2026-10-09,550000,중개플랫폼,투룸,계약중
K00117,L01145,2025-09-23,2026-09-23,1200000,중개플랫폼,투룸,계약중
K00118,L01148,2025-09-18,2026-09-18,650000,중개플랫폼,원룸,계약중
K00119,L01153,2025-09-30,2026-09-30,450000,중개플랫폼,투룸,계약중
K00120,L01182,2025-10-05,2026-10-05,800000,중개플랫폼,원룸,계약중
K00121,L01190,2025-09-22,2026-09-22,650000,중개사,투룸,계약중
K00122,L01213,2025-11-06,2026-11-06,800000,직영,원룸,계약중
K00123,L01214,2025-11-03,2026-11-03,1200000,직영,원룸,계약중
K00124,L01218,2025-10-21,2026-10-21,450000,중개사,원룸,계약중
K00125,L01279,2025-12-27,2026-12-27,450000,중개플랫폼,투룸,계약중
K00126,L01280,2025-12-06,2026-12-06,1200000,중개플랫폼,원룸,계약중
K00127,L01310,2025-11-16,2026-11-16,550000,중개사,투룸,중도해지
K00128,L01320,2025-12-10,2026-12-10,550000,중개사,원룸,계약중
K00129,L01329,2025-12-17,2026-12-17,800000,중개플랫폼,원룸,계약중
K00130,L01335,2025-11-21,2026-11-21,550000,중개플랫폼,원룸,계약중
K00131,L01336,2025-12-03,2026-12-03,800000,중개사,원룸,계약중
K00132,L01345,2025-12-08,2026-12-08,450000,직영,원룸,계약중
K00133,L01348,2025-12-05,2026-12-05,550000,중개플랫폼,상가,계약중
K00134,L01371,2025-12-15,2026-12-15,650000,중개플랫폼,투룸,계약중
K00135,L01385,2025-12-29,2026-12-29,450000,중개플랫폼,투룸,계약중
K00136,L01409,2025-12-29,2026-12-29,800000,직영,투룸,계약중
K00137,L01417,2025-12-31,2026-12-31,450000,중개사,투룸,계약중
K00138,L01423,2025-12-20,2026-12-20,450000,중개플랫폼,투룸,계약중
K00139,L01449,2025-10-05,2026-10-05,450000,중개플랫폼,원룸,계약중
