lead_id,inquiry_date,channel,property_type
L00001,2024-06-19,직영,투룸
L00002,2024-06-13,중개플랫폼,상가
L00003,2024-06-21,중개사,원룸
L00004,2024-06-22,중개플랫폼,원룸
L00005,2024-06-06,중개사,투룸
L00006,2024-06-26,,원룸
L00007,2024-06-03,중개플랫폼,투룸
L00008,2024-06-16,중개사,투룸
L00009,2024-06-20,직영,상가
L00010,2024-06-10,중개사,원룸
L00011,2024-06-11,중개플랫폼,원룸
L00012,2024-06-14,중개사,투룸
L00013,2024-06-11,중개플랫폼,원룸
L00014,2024-06-28,중개플랫폼,원룸
L00015,2024-06-13,중개플랫폼,원룸
L00016,2024-06-04,중개사,원룸
L00017,2024-06-05,중개사,원룸
L00018,2024-06-24,중개사,투룸
L00019,2024-06-24,중개플랫폼,투룸
L00020,2024-06-11,중개플랫폼,원룸
L00021,2024-06-23,중개사,투룸
L00022,2024-06-01,,투룸
L00023,2024-06-16,중개사,원룸
L00024,2024-06-13,중개플랫폼,투룸
L00025,2024-06-19,중개사,투룸
L00026,2024-06-14,중개사,투룸
L00027,2024-06-03,중개플랫폼,원룸
L00028,2024-06-16,중개플랫폼,원룸
L00029,2024-06-08,직영,원룸
L00030,2024-06-12,중개플랫폼,원룸
L00031,2024-06-26,중개사,투룸
L00032,2024-06-09,중개사,투룸
L00033,2024-06-12,중개사,원룸
L00034,2024-06-12,중개플랫폼,원룸
L00035,2024-06-22,중개플랫폼,원룸
L00036,2024-06-21,중개플랫폼,원룸
L00037,2024-06-14,중개플랫폼,원룸
L00038,2024-06-20,중개플랫폼,투룸
L00039,2024-06-18,중개플랫폼,원룸
L00040,2024-06-11,직영,상가
L00041,2024-06-14,중개플랫폼,상가
L00042,2024-06-20,중개사,투룸
L00043,2024-06-23,중개플랫폼,원룸
L00044,2024-06-13,직영,원룸
L00045,2024-06-20,중개플랫폼,투룸
L00046,2024-06-06,중개플랫폼,상가
L00047,2024-06-01,중개사,원룸
L00048,2024-06-22,중개사,투룸
L00049,2024-06-03,중개플랫폼,원룸
L00050,2024-06-19,중개플랫폼,원룸
L00051,2024-06-06,중개플랫폼,원룸
L00052,2024-06-10,중개사,원룸
L00053,2024-06-09,중개사,원룸
L00054,2024-06-26,중개사,원룸
L00055,2024-06-05,중개플랫폼,투룸
L00056,2024-06-27,중개플랫폼,원룸
L00057,2024-06-19,직영,투룸
L00058,2024-06-14,중개플랫폼,원룸
L00059,2024-06-27,중개플랫폼,원룸
L00060,2024-06-10,중개플랫폼,투룸
L00061,2024-06-01,,투룸
L00062,2024-06-26,중개플랫폼,투룸
L00063,2024-06-04,중개사,투룸
L00064,2024-06-08,중개사,원룸
L00065,2024-06-18,중개플랫폼,원룸
L00066,2024-06-26,중개사,원룸
L00067,2024-06-09,중개사,원룸
L00068,2024-06-24,직영,원룸
L00069,2024-06-18,중개플랫폼,상가
L00070,2024-06-15,중개플랫폼,원룸
L00071,2024-06-09,직영,상가
L00072,2024-06-13,중개사,상가
L00073,2024-06-07,중개플랫폼,원룸
L00074,2024-06-26,중개사,투룸
L00075,2024-06-12,중개플랫폼,투룸
L00076,2024-06-11,중개플랫폼,상가
L00077,2024-06-27,중개플랫폼,투룸
L00078,2024-06-07,중개플랫폼,원룸
L00079,2024-07-21,중개플랫폼,원룸
L00080,2024-07-25,중개사,상가
L00081,2024-07-14,중개플랫폼,원룸
L00082,2024-07-15,중개플랫폼,원룸
L00083,2024-07-01,중개플랫폼,투룸
L00084,2024-07-19,중개사,투룸
L00085,2024-07-12,중개사,투룸
L00086,2024-07-06,중개사,원룸
L00087,2024-07-13,직영,원룸
L00088,2024-07-04,중개플랫폼,원룸
L00089,2024-07-15,직영,원룸
L00090,2024-07-19,직영,원룸
L00091,2024-07-17,중개사,원룸
L00092,2024-07-16,중개플랫폼,원룸
L00093,2024-07-01,중개사,상가
L00094,2024-07-28,중개사,원룸
L00095,2024-07-18,중개플랫폼,원룸
L00096,2024-07-22,중개사,투룸
L00097,2024-07-13,중개플랫폼,투룸
L00098,2024-07-07,직영,투룸
L00099,2024-07-09,중개플랫폼,원룸
L00100,2024-07-12,중개사,상가
L00101,2024-07-08,중개플랫폼,원룸
L00102,2024-07-13,중개사,투룸
L00103,2024-07-27,중개플랫폼,투룸
L00104,2024-07-03,중개플랫폼,투룸
L00105,2024-07-09,중개플랫폼,상가
L00106,2024-07-09,중개플랫폼,원룸
L00107,2024-07-17,중개플랫폼,원룸
L00108,2024-07-05,중개플랫폼,원룸
L00109,2024-07-24,중개사,투룸
L00110,2024-07-02,중개플랫폼,원룸
L00111,2024-07-28,직영,상가
L00112,2024-07-15,중개플랫폼,원룸
L00113,2024-07-25,중개플랫폼,투룸
L00114,2024-07-07,중개플랫폼,원룸
L00115,2024-07-01,중개플랫폼,원룸
L00116,2024-07-11,중개사,원룸
L00117,2024-07-12,중개플랫폼,투룸
L00118,2024-07-26,직영,상가
L00119,2024-07-09,중개사,투룸
L00120,2024-07-23,중개사,원룸
L00121,2024-07-24,중개플랫폼,상가
L00122,2024-07-16,중개플랫폼,원룸
L00123,2024-07-20,중개플랫폼,원룸
L00124,2024-07-18,중개플랫폼,원룸
L00125,2024-07-17,중개플랫폼,원룸
L00126,2024-07-07,중개플랫폼,원룸
L00127,2024-07-06,중개플랫폼,상가
L00128,2024-07-20,직영,원룸
L00129,2024-07-22,중개플랫폼,투룸
L00130,2024-07-10,중개사,투룸
L00131,2024-07-16,중개사,원룸
L00132,2024-07-15,중개사,원룸
L00133,2024-07-17,직영,원룸
L00134,2024-07-20,중개사,원룸
L00135,2024-07-18,중개플랫폼,상가
L00136,2024-07-21,중개플랫폼,상가
L00137,2024-07-05,중개사,투룸
L00138,2024-07-23,중개사,상가
L00139,2024-07-03,중개사,원룸
L00140,2024-07-08,중개사,원룸
L00141,2024-07-04,중개사,원룸
L00142,2024-07-16,중개플랫폼,투룸
L00143,2024-07-26,중개플랫폼,투룸
L00144,2024-07-23,직영,원룸
L00145,2024-07-23,중개플랫폼,투룸
L00146,2024-07-04,중개플랫폼,투룸
L00147,2024-07-06,중개플랫폼,상가
L00148,2024-07-19,중개사,원룸
L00149,2024-07-23,중개플랫폼,원룸
L00150,2024-07-11,중개플랫폼,상가
L00151,2024-07-16,중개플랫폼,투룸
L00152,2024-07-13,중개사,상가
L00153,2024-07-11,중개플랫폼,원룸
L00154,2024-07-22,직영,투룸
L00155,2024-07-24,중개플랫폼,상가
L00156,2024-07-27,중개사,원룸
L00157,2024-07-14,중개사,원룸
L00158,2024-07-17,중개플랫폼,투룸
L00159,2024-07-13,중개플랫폼,원룸
L00160,2024-07-09,중개플랫폼,상가
L00161,2024-07-21,중개플랫폼,상가
L00162,2024-07-22,직영,원룸
L00163,2024-07-22,중개플랫폼,상가
L00164,2024-07-24,중개사,투룸
L00165,2024-07-18,직영,원룸
L00166,2024-07-03,중개플랫폼,원룸
L00167,2024-07-24,중개플랫폼,상가
L00168,2024-07-22,중개사,원룸
L00169,2024-07-01,중개플랫폼,투룸
L00170,2024-07-01,중개사,원룸
L00171,2024-08-07,중개사,상가
L00172,2024-08-02,중개사,투룸
L00173,2024-08-23,중개플랫폼,원룸
L00174,2024-08-24,중개플랫폼,투룸
L00175,2024-08-16,중개사,상가
L00176,2024-08-21,중개플랫폼,투룸
L00177,2024-08-02,중개플랫폼,투룸
L00178,2024-08-06,직영,투룸
L00179,2024-08-15,,원룸
L00180,2024-08-02,직영,투룸
L00181,2024-08-12,중개플랫폼,원룸
L00182,2024-08-05,직영,원룸
L00183,2024-08-16,중개사,투룸
L00184,2024-08-22,중개플랫폼,상가
L00185,2024-08-16,중개사,투룸
L00186,2024-08-09,중개사,상가
L00187,2024-08-05,중개플랫폼,원룸
L00188,2024-08-05,중개플랫폼,원룸
L00189,2024-08-28,중개플랫폼,원룸
L00190,2024-08-04,중개플랫폼,투룸
L00191,2024-08-12,중개플랫폼,원룸
L00192,2024-08-18,중개플랫폼,투룸
L00193,2024-08-17,중개플랫폼,원룸
L00194,2024-08-09,중개플랫폼,원룸
L00195,2024-08-03,중개사,투룸
L00196,2024-08-17,중개사,투룸
L00197,2024-08-18,중개사,투룸
L00198,2024-08-09,중개플랫폼,투룸
L00199,2024-08-15,,투룸
L00200,2024-08-11,직영,상가
L00201,2024-08-24,중개플랫폼,투룸
L00202,2024-08-15,중개플랫폼,투룸
L00203,2024-08-11,중개플랫폼,원룸
L00204,2024-08-14,중개사,원룸
L00205,2024-08-03,,원룸
L00206,2024-08-08,중개플랫폼,투룸
L00207,2024-08-26,중개사,상가
L00208,2024-08-01,중개플랫폼,원룸
L00209,2024-08-07,중개플랫폼,원룸
L00210,2024-08-17,,상가
L00211,2024-08-13,중개플랫폼,투룸
L00212,2024-08-22,중개사,원룸
L00213,2024-08-26,중개플랫폼,원룸
L00214,2024-08-18,중개플랫폼,원룸
L00215,2024-08-20,중개사,상가
L00216,2024-08-05,중개사,투룸
L00217,2024-09-19,중개플랫폼,원룸
L00218,2024-09-04,중개플랫폼,투룸
L00219,2024-09-02,중개플랫폼,원룸
L00220,2024-09-13,중개플랫폼,상가
L00221,2024-09-27,중개플랫폼,원룸
L00222,2024-09-02,중개플랫폼,투룸
L00223,2024-09-21,중개플랫폼,원룸
L00224,2024-09-14,중개사,투룸
L00225,2024-09-16,,투룸
L00226,2024-09-19,중개플랫폼,원룸
L00227,2024-09-21,중개플랫폼,투룸
L00228,2024-09-16,중개플랫폼,투룸
L00229,2024-09-20,중개플랫폼,상가
L00230,2024-09-24,중개사,상가
L00231,2024-09-11,중개플랫폼,투룸
L00232,2024-09-10,중개플랫폼,원룸
L00233,2024-09-28,중개사,원룸
L00234,2024-09-26,중개플랫폼,원룸
L00235,2024-09-08,직영,원룸
L00236,2024-09-01,중개플랫폼,투룸
L00237,2024-09-16,중개플랫폼,투룸
L00238,2024-09-01,중개사,상가
L00239,2024-09-23,중개플랫폼,투룸
L00240,2024-09-18,직영,투룸
L00241,2024-09-08,중개사,상가
L00242,2024-09-27,중개플랫폼,투룸
L00243,2024-09-23,중개사,투룸
L00244,2024-09-13,직영,상가
L00245,2024-09-05,중개사,투룸
L00246,2024-09-09,중개플랫폼,원룸
L00247,2024-09-09,중개사,원룸
L00248,2024-09-02,직영,원룸
L00249,2024-09-10,중개플랫폼,투룸
L00250,2024-09-28,중개플랫폼,투룸
L00251,2024-09-16,직영,투룸
L00252,2024-09-23,중개플랫폼,원룸
L00253,2024-09-27,중개플랫폼,투룸
L00254,2024-09-02,중개사,투룸
L00255,2024-09-01,중개사,투룸
L00256,2024-09-25,중개플랫폼,원룸
L00257,2024-09-03,직영,원룸
L00258,2024-09-18,중개플랫폼,투룸
L00259,2024-09-15,중개플랫폼,상가
L00260,2024-09-01,중개사,원룸
L00261,2024-09-12,중개플랫폼,상가
L00262,2024-09-24,중개플랫폼,투룸
L00263,2024-09-13,중개플랫폼,상가
L00264,2024-09-12,중개플랫폼,원룸
L00265,2024-09-19,중개사,투룸
L00266,2024-09-10,직영,원룸
L00267,2024-09-22,중개플랫폼,투룸
L00268,2024-09-12,직영,투룸
L00269,2024-09-21,중개플랫폼,상가
L00270,2024-09-17,중개플랫폼,원룸
L00271,2024-09-03,중개플랫폼,원룸
L00272,2024-09-11,중개플랫폼,원룸
L00273,2024-09-27,중개플랫폼,원룸
L00274,2024-09-18,직영,투룸
L00275,2024-09-15,중개플랫폼,상가
L00276,2024-09-16,중개플랫폼,원룸
L00277,2024-09-25,,투룸
L00278,2024-09-26,중개사,투룸
L00279,2024-09-01,중개플랫폼,원룸
L00280,2024-09-09,중개플랫폼,상가
L00281,2024-09-01,중개사,투룸
L00282,2024-09-08,중개사,원룸
L00283,2024-09-25,직영,투룸
L00284,2024-09-14,중개사,상가
L00285,2024-09-08,중개플랫폼,투룸
L00286,2024-09-23,중개플랫폼,투룸
L00287,2024-09-09,중개플랫폼,원룸
L00288,2024-09-27,중개플랫폼,상가
L00289,2024-09-21,중개플랫폼,원룸
L00290,2024-09-03,중개플랫폼,원룸
L00291,2024-09-08,중개플랫폼,원룸
L00292,2024-09-15,중개플랫폼,원룸
L00293,2024-09-22,중개사,원룸
L00294,2024-09-02,중개플랫폼,원룸
L00295,2024-09-07,중개플랫폼,원룸
L00296,2024-09-12,,원룸
L00297,2024-09-04,중개플랫폼,원룸
L00298,2024-09-15,중개플랫폼,투룸
L00299,2024-09-14,중개플랫폼,원룸
L00300,2024-09-24,중개플랫폼,원룸
L00301,2024-09-25,중개플랫폼,원룸
L00302,2024-09-20,직영,원룸
L00303,2024-09-14,중개사,원룸
L00304,2024-09-13,,원룸
L00305,2024-09-01,중개플랫폼,원룸
L00306,2024-09-26,중개플랫폼,원룸
L00307,2024-09-20,중개플랫폼,투룸
L00308,2024-10-18,중개사,원룸
L00309,2024-10-08,중개사,원룸
L00310,2024-10-24,중개사,상가
L00311,2024-10-09,직영,원룸
L00312,2024-10-08,중개사,상가
L00313,2024-10-03,중개사,원룸
L00314,2024-10-11,중개사,투룸
L00315,2024-10-09,,원룸
L00316,2024-10-07,중개플랫폼,원룸
L00317,2024-10-21,중개플랫폼,원룸
L00318,2024-10-10,중개사,투룸
L00319,2024-10-09,중개플랫폼,상가
L00320,2024-10-21,중개사,원룸
L00321,2024-10-22,중개사,원룸
L00322,2024-10-05,중개플랫폼,상가
L00323,2024-10-08,중개플랫폼,상가
L00324,2024-10-01,중개사,원룸
L00325,2024-10-17,직영,투룸
L00326,2024-10-26,중개사,원룸
L00327,2024-10-21,,원룸
L00328,2024-10-02,중개사,투룸
L00329,2024-10-06,중개사,원룸
L00330,2024-10-01,직영,원룸
L00331,2024-10-18,중개사,원룸
L00332,2024-10-18,중개사,투룸
L00333,2024-10-22,중개사,상가
L00334,2024-10-16,중개플랫폼,투룸
L00335,2024-10-27,중개사,투룸
L00336,2024-10-01,중개플랫폼,원룸
L00337,2024-10-22,중개플랫폼,투룸
L00338,2024-10-25,중개플랫폼,상가
L00339,2024-10-08,중개플랫폼,상가
L00340,2024-10-05,직영,원룸
L00341,2024-10-10,중개사,상가
L00342,2024-10-14,,투룸
L00343,2024-10-03,,투룸
L00344,2024-10-21,중개사,원룸
L00345,2024-10-22,직영,투룸
L00346,2024-10-26,중개플랫폼,원룸
L00347,2024-10-13,중개플랫폼,상가
L00348,2024-10-21,,투룸
L00349,2024-10-27,중개플랫폼,원룸
L00350,2024-10-25,중개사,투룸
L00351,2024-10-11,,상가
L00352,2024-10-12,중개플랫폼,원룸
L00353,2024-10-10,중개플랫폼,원룸
L00354,2024-10-11,중개플랫폼,투룸
L00355,2024-10-02,직영,원룸
L00356,2024-10-10,중개플랫폼,투룸
L00357,2024-10-17,,원룸
L00358,2024-10-25,중개플랫폼,투룸
L00359,2024-10-02,중개플랫폼,원룸
L00360,2024-10-14,중개플랫폼,상가
L00361,2024-10-07,중개플랫폼,원룸
L00362,2024-10-19,중개플랫폼,원룸
L00363,2024-10-09,직영,상가
L00364,2024-10-22,,상가
L00365,2024-10-10,중개플랫폼,원룸
L00366,2024-10-27,중개플랫폼,투룸
L00367,2024-10-12,중개사,투룸
L00368,2024-10-03,중개플랫폼,원룸
L00369,2024-10-03,중개플랫폼,상가
L00370,2024-11-08,중개사,원룸
L00371,2024-11-24,중개플랫폼,투룸
L00372,2024-11-11,중개사,원룸
L00373,2024-11-17,중개플랫폼,상가
L00374,2024-11-27,중개플랫폼,원룸
L00375,2024-11-05,중개플랫폼,원룸
L00376,2024-11-24,중개플랫폼,원룸
L00377,2024-11-25,직영,상가
L00378,2024-11-20,중개플랫폼,투룸
L00379,2024-11-21,중개플랫폼,원룸
L00380,2024-11-07,직영,상가
L00381,2024-11-01,중개플랫폼,원룸
L00382,2024-11-22,중개플랫폼,투룸
L00383,2024-11-24,중개플랫폼,원룸
L00384,2024-11-13,직영,원룸
L00385,2024-11-24,중개플랫폼,투룸
L00386,2024-11-27,중개플랫폼,원룸
L00387,2024-11-25,중개플랫폼,상가
L00388,2024-11-01,중개플랫폼,투룸
L00389,2024-11-03,중개플랫폼,투룸
L00390,2024-11-14,중개플랫폼,상가
L00391,2024-11-04,중개사,원룸
L00392,2024-11-23,중개플랫폼,상가
L00393,2024-11-20,,원룸
L00394,2024-11-10,,투룸
L00395,2024-11-02,중개사,원룸
L00396,2024-11-22,직영,원룸
L00397,2024-11-09,중개플랫폼,상가
L00398,2024-11-18,중개플랫폼,원룸
L00399,2024-11-12,중개플랫폼,원룸
L00400,2024-11-13,중개사,원룸
L00401,2024-11-05,중개플랫폼,투룸
L00402,2024-11-26,,투룸
L00403,2024-11-19,중개플랫폼,상가
L00404,2024-11-17,중개플랫폼,원룸
L00405,2024-11-03,중개사,원룸
L00406,2024-11-19,중개플랫폼,상가
L00407,2024-11-21,직영,투룸
L00408,2024-11-21,중개사,원룸
L00409,2024-11-11,중개플랫폼,투룸
L00410,2024-11-27,중개플랫폼,투룸
L00411,2024-11-05,중개플랫폼,상가
L00412,2024-11-21,중개플랫폼,투룸
L00413,2024-11-12,중개플랫폼,원룸
L00414,2024-11-10,중개플랫폼,원룸
L00415,2024-11-10,중개사,투룸
L00416,2024-11-19,중개플랫폼,원룸
L00417,2024-11-23,중개사,상가
L00418,2024-11-06,중개플랫폼,투룸
L00419,2024-11-05,중개플랫폼,원룸
L00420,2024-11-04,중개플랫폼,투룸
L00421,2024-11-26,중개플랫폼,투룸
L00422,2024-11-26,중개사,상가
L00423,2024-11-17,중개플랫폼,투룸
L00424,2024-11-18,중개플랫폼,상가
L00425,2024-11-15,중개사,원룸
L00426,2024-11-12,,상가
L00427,2024-11-27,중개플랫폼,상가
L00428,2024-11-18,직영,원룸
L00429,2024-11-24,중개플랫폼,투룸
L00430,2024-11-16,중개플랫폼,원룸
L00431,2024-11-12,직영,투룸
L00432,2024-11-26,직영,투룸
L00433,2024-11-28,중개사,원룸
L00434,2024-11-22,중개플랫폼,원룸
L00435,2024-11-17,중개플랫폼,원룸
L00436,2024-12-19,중개플랫폼,원룸
L00437,2024-12-19,직영,원룸
L00438,2024-12-23,중개플랫폼,원룸
L00439,2024-12-13,중개사,원룸
L00440,2024-12-23,중개사,원룸
L00441,2024-12-04,직영,원룸
L00442,2024-12-11,중개플랫폼,원룸
L00443,2024-12-12,직영,상가
L00444,2024-12-18,중개플랫폼,원룸
L00445,2024-12-17,중개플랫폼,상가
L00446,2024-12-23,중개사,원룸
L00447,2024-12-20,중개플랫폼,원룸
L00448,2024-12-24,중개사,투룸
L00449,2024-12-09,중개사,상가
L00450,2024-12-20,직영,투룸
L00451,2024-12-03,중개사,상가
L00452,2024-12-03,,원룸
L00453,2024-12-05,중개플랫폼,투룸
L00454,2024-12-12,중개플랫폼,투룸
L00455,2024-12-20,중개사,원룸
L00456,2024-12-24,중개플랫폼,투룸
L00457,2024-12-21,,상가
L00458,2024-12-23,중개플랫폼,상가
L00459,2024-12-26,중개플랫폼,투룸
L00460,2024-12-03,중개플랫폼,원룸
L00461,2024-12-07,중개플랫폼,투룸
L00462,2024-12-01,중개플랫폼,투룸
L00463,2024-12-21,중개플랫폼,원룸
L00464,2024-12-24,직영,투룸
L00465,2024-12-16,중개사,원룸
L00466,2024-12-16,중개플랫폼,투룸
L00467,2024-12-17,중개사,투룸
L00468,2024-12-08,중개사,원룸
L00469,2024-12-09,중개플랫폼,원룸
L00470,2024-12-11,중개사,원룸
L00471,2024-12-22,중개플랫폼,원룸
L00472,2024-12-03,중개사,원룸
L00473,2024-12-20,중개플랫폼,투룸
L00474,2024-12-28,중개플랫폼,원룸
L00475,2024-12-06,직영,상가
L00476,2024-12-25,중개플랫폼,원룸
L00477,2024-12-14,중개플랫폼,투룸
L00478,2024-12-19,중개사,투룸
L00479,2024-12-11,중개사,원룸
L00480,2024-12-24,중개플랫폼,투룸
L00481,2024-12-11,중개플랫폼,원룸
L00482,2024-12-14,중개사,투룸
L00483,2024-12-10,중개플랫폼,원룸
L00484,2024-12-16,중개플랫폼,원룸
L00485,2024-12-13,중개사,원룸
L00486,2024-12-16,,원룸
L00487,2024-12-17,중개사,원룸
L00488,2024-12-26,직영,원룸
L00489,2024-12-24,직영,원룸
L00490,2024-12-14,중개플랫폼,투룸
L00491,2024-12-13,중개사,원룸
L00492,2024-12-06,중개플랫폼,원룸
L00493,2024-12-03,중개플랫폼,원룸
L00494,2024-12-12,직영,원룸
L00495,2024-12-10,중개플랫폼,원룸
L00496,2024-12-11,,투룸
L00497,2024-12-12,,상가
L00498,2024-12-06,중개플랫폼,원룸
L00499,2024-12-02,중개사,원룸
L00500,2024-12-04,직영,투룸
L00501,2024-12-03,중개플랫폼,상가
L00502,2024-12-23,중개플랫폼,원룸
L00503,2024-12-02,직영,투룸
L00504,2024-12-10,중개사,원룸
L00505,2024-12-23,중개플랫폼,원룸
L00506,2024-12-28,직영,원룸
L00507,2024-12-23,중개사,원룸
L00508,2024-12-12,중개플랫폼,원룸
L00509,2024-12-28,직영,투룸
L00510,2024-12-03,중개플랫폼,원룸
L00511,2024-12-13,중개사,상가
L00512,2024-12-13,직영,원룸
L00513,2024-12-22,중개플랫폼,투룸
L00514,2024-12-10,,투룸
L00515,2024-12-10,중개플랫폼,원룸
L00516,2025-01-16,중개플랫폼,원룸
L00517,2025-01-15,중개플랫폼,원룸
L00518,2025-01-21,중개사,투룸
L00519,2025-01-15,중개사,상가
L00520,2025-01-08,중개사,투룸
L00521,2025-01-28,직영,원룸
L00522,2025-01-02,직영,투룸
L00523,2025-01-28,중개플랫폼,투룸
L00524,2025-01-01,중개사,원룸
L00525,2025-01-10,직영,원룸
L00526,2025-01-21,중개플랫폼,원룸
L00527,2025-01-16,중개플랫폼,상가
L00528,2025-01-23,중개플랫폼,투룸
L00529,2025-01-02,중개플랫폼,투룸
L00530,2025-01-08,중개플랫폼,투룸
L00531,2025-01-07,직영,상가
L00532,2025-01-28,중개플랫폼,투룸
L00533,2025-01-27,중개플랫폼,원룸
L00534,2025-01-25,중개사,원룸
L00535,2025-01-07,직영,투룸
L00536,2025-01-16,중개플랫폼,원룸
L00537,2025-01-04,중개플랫폼,투룸
L00538,2025-01-12,중개사,원룸
L00539,2025-01-20,직영,원룸
L00540,2025-01-09,중개플랫폼,원룸
L00541,2025-01-13,중개플랫폼,투룸
L00542,2025-01-20,중개플랫폼,투룸
L00543,2025-01-04,중개플랫폼,투룸
L00544,2025-01-02,중개플랫폼,원룸
L00545,2025-01-17,중개플랫폼,원룸
L00546,2025-01-06,직영,원룸
L00547,2025-01-07,직영,원룸
L00548,2025-01-23,중개사,상가
L00549,2025-01-25,중개플랫폼,원룸
L00550,2025-01-18,중개플랫폼,투룸
L00551,2025-01-11,직영,원룸
L00552,2025-01-28,중개사,원룸
L00553,2025-01-15,중개플랫폼,상가
L00554,2025-01-26,중개사,원룸
L00555,2025-01-08,중개사,원룸
L00556,2025-01-02,중개플랫폼,상가
L00557,2025-01-25,중개플랫폼,원룸
L00558,2025-01-16,,상가
L00559,2025-01-09,중개플랫폼,원룸
L00560,2025-01-09,직영,원룸
L00561,2025-01-19,중개사,투룸
L00562,2025-01-25,직영,투룸
L00563,2025-01-11,중개플랫폼,투룸
L00564,2025-01-27,중개플랫폼,투룸
L00565,2025-01-28,직영,투룸
L00566,2025-01-26,중개플랫폼,원룸
L00567,2025-01-25,중개플랫폼,원룸
L00568,2025-01-11,중개플랫폼,원룸
L00569,2025-01-16,중개플랫폼,상가
L00570,2025-01-22,중개사,원룸
L00571,2025-01-09,중개플랫폼,상가
L00572,2025-01-05,,투룸
L00573,2025-01-19,직영,원룸
L00574,2025-01-27,중개플랫폼,원룸
L00575,2025-01-27,중개플랫폼,투룸
L00576,2025-01-02,직영,투룸
L00577,2025-01-19,중개플랫폼,투룸
L00578,2025-01-18,중개사,상가
L00579,2025-01-18,중개플랫폼,원룸
L00580,2025-01-27,중개플랫폼,원룸
L00581,2025-01-18,중개플랫폼,투룸
L00582,2025-01-27,중개플랫폼,원룸
L00583,2025-01-18,중개사,투룸
L00584,2025-01-09,중개플랫폼,원룸
L00585,2025-01-22,중개플랫폼,상가
L00586,2025-01-21,중개플랫폼,원룸
L00587,2025-01-17,중개플랫폼,투룸
L00588,2025-01-14,중개플랫폼,상가
L00589,2025-01-03,중개플랫폼,원룸
L00590,2025-02-14,중개사,원룸
L00591,2025-02-21,중개플랫폼,상가
L00592,2025-02-18,중개플랫폼,상가
L00593,2025-02-08,중개플랫폼,투룸
L00594,2025-02-14,중개사,투룸
L00595,2025-02-26,중개사,상가
L00596,2025-02-12,중개사,원룸
L00597,2025-02-13,중개사,상가
L00598,2025-02-19,중개플랫폼,원룸
L00599,2025-02-18,중개플랫폼,투룸
L00600,2025-02-23,중개플랫폼,원룸
L00601,2025-02-17,,원룸
L00602,2025-02-21,중개사,투룸
L00603,2025-02-07,중개플랫폼,원룸
L00604,2025-02-26,직영,원룸
L00605,2025-02-08,중개플랫폼,투룸
L00606,2025-02-06,직영,투룸
L00607,2025-02-05,중개플랫폼,원룸
L00608,2025-02-20,,원룸
L00609,2025-02-11,중개플랫폼,원룸
L00610,2025-02-08,중개사,투룸
L00611,2025-02-05,중개플랫폼,투룸
L00612,2025-02-02,중개사,투룸
L00613,2025-02-06,중개사,원룸
L00614,2025-02-13,중개플랫폼,원룸
L00615,2025-02-07,중개플랫폼,원룸
L00616,2025-02-14,중개사,원룸
L00617,2025-02-06,중개플랫폼,원룸
L00618,2025-02-08,중개플랫폼,원룸
L00619,2025-02-26,,상가
L00620,2025-02-07,중개플랫폼,투룸
L00621,2025-02-01,직영,투룸
L00622,2025-02-25,직영,상가
L00623,2025-02-15,중개플랫폼,원룸
L00624,2025-02-23,중개플랫폼,원룸
L00625,2025-02-14,중개플랫폼,투룸
L00626,2025-02-14,중개사,투룸
L00627,2025-02-28,중개플랫폼,투룸
L00628,2025-02-04,중개사,상가
L00629,2025-02-19,직영,원룸
L00630,2025-02-25,중개플랫폼,원룸
L00631,2025-02-24,직영,원룸
L00632,2025-02-17,중개사,원룸
L00633,2025-02-07,중개플랫폼,원룸
L00634,2025-02-05,직영,원룸
L00635,2025-02-02,중개사,원룸
L00636,2025-02-24,중개플랫폼,투룸
L00637,2025-02-28,직영,원룸
L00638,2025-02-08,중개사,투룸
L00639,2025-02-12,,상가
L00640,2025-02-07,중개플랫폼,원룸
L00641,2025-02-28,중개플랫폼,투룸
L00642,2025-02-13,중개사,원룸
L00643,2025-02-21,중개플랫폼,원룸
L00644,2025-02-24,중개사,상가
L00645,2025-02-25,중개플랫폼,투룸
L00646,2025-02-02,중개사,원룸
L00647,2025-02-04,중개사,원룸
L00648,2025-02-12,,원룸
L00649,2025-02-16,중개플랫폼,상가
L00650,2025-02-12,중개사,투룸
L00651,2025-02-04,중개플랫폼,원룸
L00652,2025-02-28,직영,원룸
L00653,2025-02-28,중개사,원룸
L00654,2025-02-21,중개플랫폼,원룸
L00655,2025-02-05,중개플랫폼,원룸
L00656,2025-02-06,중개사,상가
L00657,2025-02-16,중개플랫폼,원룸
L00658,2025-02-23,중개플랫폼,원룸
L00659,2025-02-01,중개플랫폼,원룸
L00660,2025-02-27,중개사,원룸
L00661,2025-02-08,중개플랫폼,투룸
L00662,2025-02-01,중개사,원룸
L00663,2025-02-11,직영,투룸
L00664,2025-02-26,중개플랫폼,원룸
L00665,2025-02-25,중개플랫폼,투룸
L00666,2025-02-25,중개사,원룸
L00667,2025-02-04,직영,투룸
L00668,2025-02-22,중개플랫폼,상가
L00669,2025-03-28,중개사,투룸
L00670,2025-03-21,중개플랫폼,원룸
L00671,2025-03-28,중개플랫폼,투룸
L00672,2025-03-07,중개사,원룸
L00673,2025-03-24,직영,원룸
L00674,2025-03-23,중개사,투룸
L00675,2025-03-08,중개플랫폼,투룸
L00676,2025-03-15,직영,투룸
L00677,2025-03-23,직영,원룸
L00678,2025-03-26,중개사,원룸
L00679,2025-03-02,중개플랫폼,원룸
L00680,2025-03-28,직영,원룸
L00681,2025-03-15,중개플랫폼,상가
L00682,2025-03-23,직영,원룸
L00683,2025-03-07,중개플랫폼,투룸
L00684,2025-03-22,중개사,투룸
L00685,2025-03-27,중개플랫폼,투룸
L00686,2025-03-01,중개사,원룸
L00687,2025-03-14,중개플랫폼,상가
L00688,2025-03-02,중개플랫폼,원룸
L00689,2025-03-12,중개플랫폼,투룸
L00690,2025-03-27,중개플랫폼,상가
L00691,2025-03-07,,원룸
L00692,2025-03-21,중개플랫폼,투룸
L00693,2025-03-23,,원룸
L00694,2025-03-07,직영,투룸
L00695,2025-03-04,중개사,투룸
L00696,2025-03-18,중개플랫폼,원룸
L00697,2025-03-02,중개플랫폼,상가
L00698,2025-03-18,중개사,원룸
L00699,2025-03-28,중개플랫폼,상가
L00700,2025-03-17,직영,상가
L00701,2025-03-24,중개플랫폼,원룸
L00702,2025-03-10,중개플랫폼,원룸
L00703,2025-03-11,직영,원룸
L00704,2025-03-02,중개플랫폼,투룸
L00705,2025-03-21,중개사,투룸
L00706,2025-03-17,직영,투룸
L00707,2025-03-13,중개사,원룸
L00708,2025-03-15,중개플랫폼,원룸
L00709,2025-03-02,중개사,원룸
L00710,2025-03-05,중개플랫폼,원룸
L00711,2025-03-23,중개플랫폼,투룸
L00712,2025-03-24,직영,원룸
L00713,2025-03-25,중개플랫폼,원룸
L00714,2025-03-22,중개사,상가
L00715,2025-03-04,중개사,원룸
L00716,2025-03-09,,투룸
L00717,2025-03-13,중개사,원룸
L00718,2025-03-18,중개사,투룸
L00719,2025-03-16,중개플랫폼,원룸
L00720,2025-03-20,중개플랫폼,원룸
L00721,2025-03-28,중개플랫폼,투룸
L00722,2025-03-07,중개플랫폼,투룸
L00723,2025-03-13,,원룸
L00724,2025-03-16,중개플랫폼,투룸
L00725,2025-03-21,중개플랫폼,투룸
L00726,2025-03-26,중개사,투룸
L00727,2025-03-04,중개플랫폼,원룸
L00728,2025-03-03,직영,원룸
L00729,2025-03-16,직영,원룸
L00730,2025-03-14,중개플랫폼,원룸
L00731,2025-03-05,중개플랫폼,원룸
L00732,2025-03-03,중개사,투룸
L00733,2025-03-20,중개사,원룸
L00734,2025-03-01,직영,원룸
L00735,2025-03-12,중개플랫폼,투룸
L00736,2025-03-18,중개플랫폼,투룸
L00737,2025-03-05,직영,투룸
L00738,2025-03-07,중개사,투룸
L00739,2025-03-11,중개플랫폼,원룸
L00740,2025-03-28,중개플랫폼,원룸
L00741,2025-04-22,직영,투룸
L00742,2025-04-28,중개사,상가
L00743,2025-04-12,중개플랫폼,투룸
L00744,2025-04-27,중개사,원룸
L00745,2025-04-27,직영,상가
L00746,2025-04-13,직영,투룸
L00747,2025-04-27,중개플랫폼,투룸
L00748,2025-04-08,중개사,투룸
L00749,2025-04-17,중개플랫폼,투룸
L00750,2025-04-18,중개플랫폼,원룸
L00751,2025-04-15,중개플랫폼,상가
L00752,2025-04-04,중개플랫폼,원룸
L00753,2025-04-03,중개사,원룸
L00754,2025-04-22,중개플랫폼,원룸
L00755,2025-04-08,중개플랫폼,원룸
L00756,2025-04-19,중개플랫폼,투룸
L00757,2025-04-23,중개사,원룸
L00758,2025-04-01,중개사,원룸
L00759,2025-04-19,중개플랫폼,투룸
L00760,2025-04-13,직영,원룸
L00761,2025-04-16,직영,투룸
L00762,2025-04-06,중개플랫폼,원룸
L00763,2025-04-23,중개사,투룸
L00764,2025-04-19,직영,원룸
L00765,2025-04-16,중개플랫폼,원룸
L00766,2025-04-09,중개플랫폼,원룸
L00767,2025-04-03,중개사,원룸
L00768,2025-04-10,중개플랫폼,투룸
L00769,2025-04-07,중개사,투룸
L00770,2025-04-18,중개사,원룸
L00771,2025-04-25,중개사,원룸
L00772,2025-04-14,중개플랫폼,원룸
L00773,2025-04-17,중개플랫폼,원룸
L00774,2025-04-13,,상가
L00775,2025-04-13,직영,원룸
L00776,2025-04-06,직영,상가
L00777,2025-04-15,중개사,상가
L00778,2025-04-01,직영,상가
L00779,2025-04-06,중개플랫폼,투룸
L00780,2025-04-16,중개사,투룸
L00781,2025-04-14,중개사,원룸
L00782,2025-04-12,중개사,원룸
L00783,2025-04-20,중개사,원룸
L00784,2025-04-21,중개플랫폼,원룸
L00785,2025-04-26,중개사,원룸
L00786,2025-04-28,중개플랫폼,원룸
L00787,2025-04-21,직영,투룸
L00788,2025-04-13,중개플랫폼,상가
L00789,2025-04-19,직영,원룸
L00790,2025-04-11,중개사,상가
L00791,2025-04-04,중개사,상가
L00792,2025-04-08,중개플랫폼,원룸
L00793,2025-04-19,중개플랫폼,원룸
L00794,2025-04-19,중개플랫폼,투룸
L00795,2025-04-04,중개플랫폼,투룸
L00796,2025-04-08,중개플랫폼,투룸
L00797,2025-04-01,직영,투룸
L00798,2025-04-13,,상가
L00799,2025-04-20,중개플랫폼,원룸
L00800,2025-04-14,중개사,원룸
L00801,2025-04-16,중개플랫폼,원룸
L00802,2025-04-09,중개플랫폼,투룸
L00803,2025-04-08,중개플랫폼,투룸
L00804,2025-04-08,중개플랫폼,투룸
L00805,2025-04-22,중개플랫폼,원룸
L00806,2025-04-04,,원룸
L00807,2025-04-22,중개플랫폼,투룸
L00808,2025-04-23,중개사,원룸
L00809,2025-04-18,중개플랫폼,원룸
L00810,2025-05-15,중개사,상가
L00811,2025-05-10,중개사,투룸
L00812,2025-05-01,중개플랫폼,투룸
L00813,2025-05-15,직영,상가
L00814,2025-05-18,중개플랫폼,원룸
L00815,2025-05-27,중개플랫폼,원룸
L00816,2025-05-16,직영,원룸
L00817,2025-05-03,중개사,원룸
L00818,2025-05-13,중개플랫폼,상가
L00819,2025-05-09,중개플랫폼,원룸
L00820,2025-05-14,직영,원룸
L00821,2025-05-23,중개플랫폼,원룸
L00822,2025-05-15,직영,투룸
L00823,2025-05-28,중개플랫폼,투룸
L00824,2025-05-28,직영,원룸
L00825,2025-05-04,직영,원룸
L00826,2025-05-08,중개플랫폼,상가
L00827,2025-05-07,중개플랫폼,원룸
L00828,2025-05-06,중개플랫폼,원룸
L00829,2025-05-21,중개플랫폼,투룸
L00830,2025-05-20,중개플랫폼,원룸
L00831,2025-05-12,중개사,원룸
L00832,2025-05-10,중개플랫폼,상가
L00833,2025-05-02,중개플랫폼,상가
L00834,2025-05-17,중개플랫폼,원룸
L00835,2025-05-16,중개플랫폼,원룸
L00836,2025-05-14,중개사,원룸
L00837,2025-05-09,직영,투룸
L00838,2025-05-23,중개사,투룸
L00839,2025-05-20,중개플랫폼,원룸
L00840,2025-05-28,중개플랫폼,투룸
L00841,2025-05-22,중개사,원룸
L00842,2025-05-05,직영,원룸
L00843,2025-05-08,중개플랫폼,원룸
L00844,2025-05-02,중개플랫폼,원룸
L00845,2025-05-10,,원룸
L00846,2025-05-08,중개플랫폼,원룸
L00847,2025-05-10,중개플랫폼,원룸
L00848,2025-05-10,중개플랫폼,투룸
L00849,2025-05-17,직영,투룸
L00850,2025-05-28,중개플랫폼,원룸
L00851,2025-05-01,,투룸
L00852,2025-05-22,직영,원룸
L00853,2025-05-04,중개사,원룸
L00854,2025-05-22,직영,원룸
L00855,2025-05-26,중개사,원룸
L00856,2025-05-28,중개사,원룸
L00857,2025-05-19,중개사,투룸
L00858,2025-05-22,직영,원룸
L00859,2025-05-22,중개플랫폼,원룸
L00860,2025-05-08,,원룸
L00861,2025-05-28,중개플랫폼,상가
L00862,2025-05-11,중개플랫폼,상가
L00863,2025-05-26,중개플랫폼,투룸
L00864,2025-05-12,중개플랫폼,원룸
L00865,2025-05-11,중개플랫폼,원룸
L00866,2025-05-15,중개사,원룸
L00867,2025-05-14,중개플랫폼,상가
L00868,2025-06-24,직영,투룸
L00869,2025-06-05,중개플랫폼,원룸
L00870,2025-06-04,중개사,투룸
L00871,2025-06-09,직영,원룸
L00872,2025-06-08,중개사,투룸
L00873,2025-06-08,중개사,투룸
L00874,2025-06-02,중개플랫폼,투룸
L00875,2025-06-09,중개사,원룸
L00876,2025-06-08,직영,상가
L00877,2025-06-08,중개플랫폼,투룸
L00878,2025-06-06,중개사,원룸
L00879,2025-06-14,,상가
L00880,2025-06-05,중개플랫폼,상가
L00881,2025-06-08,직영,원룸
L00882,2025-06-14,중개플랫폼,상가
L00883,2025-06-19,중개플랫폼,원룸
L00884,2025-06-27,중개플랫폼,원룸
L00885,2025-06-09,직영,원룸
L00886,2025-06-06,중개사,원룸
L00887,2025-06-17,중개사,원룸
L00888,2025-06-02,중개사,원룸
L00889,2025-06-23,중개사,상가
L00890,2025-06-27,중개플랫폼,원룸
L00891,2025-06-27,중개플랫폼,원룸
L00892,2025-06-11,중개플랫폼,원룸
L00893,2025-06-16,중개플랫폼,원룸
L00894,2025-06-08,중개플랫폼,투룸
L00895,2025-06-10,중개플랫폼,투룸
L00896,2025-06-11,중개사,원룸
L00897,2025-06-09,직영,투룸
L00898,2025-06-17,직영,투룸
L00899,2025-06-10,중개플랫폼,투룸
L00900,2025-06-02,직영,원룸
L00901,2025-06-01,중개사,원룸
L00902,2025-06-03,중개사,투룸
L00903,2025-06-03,직영,투룸
L00904,2025-06-21,중개사,투룸
L00905,2025-06-17,직영,원룸
L00906,2025-06-24,중개사,원룸
L00907,2025-06-05,중개사,원룸
L00908,2025-06-25,중개플랫폼,원룸
L00909,2025-06-20,중개플랫폼,원룸
L00910,2025-06-20,직영,투룸
L00911,2025-06-03,중개플랫폼,상가
L00912,2025-06-06,중개사,투룸
L00913,2025-06-07,중개플랫폼,원룸
L00914,2025-06-09,,원룸
L00915,2025-06-26,중개사,상가
L00916,2025-06-01,중개사,원룸
L00917,2025-06-07,중개플랫폼,원룸
L00918,2025-06-14,중개플랫폼,원룸
L00919,2025-06-09,,상가
L00920,2025-06-17,중개플랫폼,원룸
L00921,2025-06-01,중개플랫폼,원룸
L00922,2025-06-06,중개플랫폼,투룸
L00923,2025-06-24,직영,원룸
L00924,2025-06-14,중개플랫폼,원룸
L00925,2025-06-21,중개플랫폼,상가
L00926,2025-06-03,중개플랫폼,원룸
L00927,2025-06-04,중개플랫폼,투룸
L00928,2025-06-17,중개플랫폼,투룸
L00929,2025-06-09,중개플랫폼,투룸
L00930,2025-06-04,직영,원룸
L00931,2025-06-16,중개플랫폼,원룸
L00932,2025-06-16,중개플랫폼,투룸
L00933,2025-06-27,중개사,원룸
L00934,2025-06-09,직영,투룸
L00935,2025-06-03,,원룸
L00936,2025-06-03,직영,원룸
L00937,2025-06-14,중개플랫폼,투룸
L00938,2025-07-16,중개플랫폼,상가
L00939,2025-07-12,중개사,원룸
L00940,2025-07-05,중개플랫폼,상가
L00941,2025-07-04,중개사,원룸
L00942,2025-07-19,중개플랫폼,원룸
L00943,2025-07-10,중개플랫폼,원룸
L00944,2025-07-15,중개플랫폼,원룸
L00945,2025-07-25,중개플랫폼,상가
L00946,2025-07-11,중개사,원룸
L00947,2025-07-13,중개사,원룸
L00948,2025-07-20,중개플랫폼,원룸
L00949,2025-07-04,중개사,상가
L00950,2025-07-02,,투룸
L00951,2025-07-03,중개사,투룸
L00952,2025-07-03,중개플랫폼,원룸
L00953,2025-07-09,직영,원룸
L00954,2025-07-17,중개플랫폼,원룸
L00955,2025-07-11,중개사,투룸
L00956,2025-07-16,중개사,상가
L00957,2025-07-11,중개플랫폼,투룸
L00958,2025-07-23,중개플랫폼,원룸
L00959,2025-07-15,중개사,상가
L00960,2025-07-27,,투룸
L00961,2025-07-26,중개플랫폼,원룸
L00962,2025-07-14,중개플랫폼,원룸
L00963,2025-07-24,중개플랫폼,원룸
L00964,2025-07-27,중개사,원룸
L00965,2025-07-05,중개사,원룸
L00966,2025-07-26,중개사,투룸
L00967,2025-07-08,중개사,투룸
L00968,2025-07-22,중개사,원룸
L00969,2025-07-26,직영,투룸
L00970,2025-07-20,중개사,원룸
L00971,2025-07-19,직영,원룸
L00972,2025-07-22,중개플랫폼,투룸
L00973,2025-07-10,중개사,원룸
L00974,2025-07-14,중개플랫폼,투룸
L00975,2025-07-22,,투룸
L00976,2025-07-17,중개사,투룸
L00977,2025-07-23,중개플랫폼,투룸
L00978,2025-07-18,중개플랫폼,원룸
L00979,2025-07-24,직영,투룸
L00980,2025-07-15,중개플랫폼,투룸
L00981,2025-07-06,중개사,투룸
L00982,2025-07-07,중개사,투룸
L00983,2025-07-09,중개플랫폼,상가
L00984,2025-07-10,중개사,투룸
L00985,2025-07-08,중개플랫폼,원룸
L00986,2025-07-11,중개플랫폼,원룸
L00987,2025-07-26,중개플랫폼,원룸
L00988,2025-07-27,중개플랫폼,원룸
L00989,2025-07-02,중개플랫폼,투룸
L00990,2025-07-23,중개사,원룸
L00991,2025-07-26,직영,원룸
L00992,2025-07-18,중개플랫폼,상가
L00993,2025-07-27,중개플랫폼,투룸
L00994,2025-07-25,중개플랫폼,투룸
L00995,2025-07-19,중개플랫폼,투룸
L00996,2025-07-14,직영,투룸
L00997,2025-07-21,중개플랫폼,상가
L00998,2025-07-08,직영,투룸
L00999,2025-07-22,중개플랫폼,원룸
L01000,2025-07-18,중개플랫폼,원룸
L01001,2025-07-20,중개사,원룸
L01002,2025-07-07,중개플랫폼,투룸
L01003,2025-07-28,중개플랫폼,투룸
L01004,2025-07-07,중개플랫폼,투룸
L01005,2025-07-09,중개플랫폼,상가
L01006,2025-07-26,직영,투룸
L01007,2025-07-08,중개사,투룸
L01008,2025-07-18,중개사,원룸
L01009,2025-07-01,중개사,투룸
L01010,2025-07-27,중개플랫폼,원룸
L01011,2025-07-23,중개플랫폼,원룸
L01012,2025-07-15,중개플랫폼,원룸
L01013,2025-07-04,중개플랫폼,상가
L01014,2025-07-15,중개플랫폼,원룸
L01015,2025-07-27,,원룸
L01016,2025-07-09,중개사,상가
L01017,2025-07-10,중개사,원룸
L01018,2025-07-08,중개플랫폼,원룸
L01019,2025-07-25,중개사,투룸
L01020,2025-07-01,중개사,투룸
L01021,2025-07-19,중개플랫폼,원룸
L01022,2025-07-17,중개플랫폼,투룸
L01023,2025-07-03,중개플랫폼,투룸
L01024,2025-07-28,중개사,투룸
L01025,2025-07-11,중개사,투룸
L01026,2025-07-16,직영,원룸
L01027,2025-07-04,중개플랫폼,투룸
L01028,2025-07-26,중개플랫폼,원룸
L01029,2025-07-10,중개플랫폼,원룸
L01030,2025-07-01,중개플랫폼,원룸
L01031,2025-07-03,중개사,상가
L01032,2025-07-12,,원룸
L01033,2025-07-23,직영,원룸
L01034,2025-07-09,중개플랫폼,상가
L01035,2025-07-16,중개플랫폼,투룸
L01036,2025-08-27,중개사,원룸
L01037,2025-08-03,중개사,원룸
L01038,2025-08-05,중개사,원룸
L01039,2025-08-09,중개사,원룸
L01040,2025-08-25,중개사,원룸
L01041,2025-08-04,중개플랫폼,상가
L01042,2025-08-14,중개사,상가
L01043,2025-08-10,직영,원룸
L01044,2025-08-25,직영,투룸
L01045,2025-08-05,중개사,원룸
L01046,2025-08-12,중개플랫폼,원룸
L01047,2025-08-28,중개플랫폼,상가
L01048,2025-08-03,중개사,투룸
L01049,2025-08-06,중개플랫폼,원룸
L01050,2025-08-13,중개사,원룸
L01051,2025-08-20,중개사,투룸
L01052,2025-08-21,직영,원룸
L01053,2025-08-24,중개사,투룸
L01054,2025-08-25,중개사,투룸
L01055,2025-08-02,중개플랫폼,투룸
L01056,2025-08-28,중개사,원룸
L01057,2025-08-26,중개플랫폼,투룸
L01058,2025-08-26,중개플랫폼,원룸
L01059,2025-08-09,중개플랫폼,원룸
L01060,2025-08-24,중개플랫폼,원룸
L01061,2025-08-16,직영,원룸
L01062,2025-08-23,중개사,원룸
L01063,2025-08-09,중개플랫폼,원룸
L01064,2025-08-18,중개플랫폼,투룸
L01065,2025-08-07,중개플랫폼,투룸
L01066,2025-08-15,중개사,원룸
L01067,2025-08-19,직영,원룸
L01068,2025-08-23,,원룸
L01069,2025-08-22,중개플랫폼,투룸
L01070,2025-08-21,중개플랫폼,투룸
L01071,2025-08-05,중개플랫폼,상가
L01072,2025-08-27,직영,상가
L01073,2025-08-06,중개사,원룸
L01074,2025-08-05,중개플랫폼,상가
L01075,2025-08-24,중개플랫폼,원룸
L01076,2025-08-20,중개사,투룸
L01077,2025-08-01,직영,원룸
L01078,2025-08-14,중개플랫폼,투룸
L01079,2025-08-23,중개플랫폼,원룸
L01080,2025-08-28,중개플랫폼,상가
L01081,2025-08-27,중개플랫폼,상가
L01082,2025-08-07,중개플랫폼,투룸
L01083,2025-08-15,중개사,원룸
L01084,2025-08-15,중개플랫폼,원룸
L01085,2025-08-08,중개사,원룸
L01086,2025-08-21,중개플랫폼,상가
L01087,2025-08-26,중개플랫폼,투룸
L01088,2025-08-01,중개플랫폼,원룸
L01089,2025-08-17,중개플랫폼,투룸
L01090,2025-08-13,중개사,투룸
L01091,2025-08-28,중개사,원룸
L01092,2025-08-03,중개사,원룸
L01093,2025-08-14,중개플랫폼,원룸
L01094,2025-08-22,중개플랫폼,원룸
L01095,2025-08-27,중개사,투룸
L01096,2025-08-07,중개플랫폼,상가
L01097,2025-08-12,직영,투룸
L01098,2025-08-23,중개사,투룸
L01099,2025-08-13,직영,원룸
L01100,2025-08-19,중개플랫폼,원룸
L01101,2025-08-17,중개플랫폼,투룸
L01102,2025-08-27,중개사,상가
L01103,2025-08-08,중개사,상가
L01104,2025-08-05,중개플랫폼,투룸
L01105,2025-08-17,,투룸
L01106,2025-08-10,중개플랫폼,원룸
L01107,2025-08-14,중개플랫폼,투룸
L01108,2025-08-04,중개플랫폼,원룸
L01109,2025-08-22,중개사,투룸
L01110,2025-08-20,직영,원룸
L01111,2025-08-16,중개플랫폼,투룸
L01112,2025-08-24,직영,투룸
L01113,2025-08-03,중개사,원룸
L01114,2025-08-17,중개사,투룸
L01115,2025-08-10,중개플랫폼,원룸
L01116,2025-08-28,중개사,원룸
L01117,2025-08-08,중개플랫폼,투룸
L01118,2025-08-07,중개플랫폼,원룸
L01119,2025-08-01,직영,투룸
L01120,2025-09-02,중개플랫폼,투룸
L01121,2025-09-15,중개사,원룸
L01122,2025-09-08,직영,원룸
L01123,2025-09-19,중개플랫폼,상가
L01124,2025-09-20,직영,투룸
L01125,2025-09-02,중개플랫폼,투룸
L01126,2025-09-14,중개사,원룸
L01127,2025-09-25,중개플랫폼,투룸
L01128,2025-09-13,중개사,투룸
L01129,2025-09-27,중개플랫폼,원룸
L01130,2025-09-19,중개플랫폼,투룸
L01131,2025-09-11,중개플랫폼,원룸
L01132,2025-09-13,중개플랫폼,투룸
L01133,2025-09-25,중개플랫폼,투룸
L01134,2025-09-07,중개플랫폼,원룸
L01135,2025-09-08,중개사,원룸
L01136,2025-09-13,중개사,상가
L01137,2025-09-13,중개플랫폼,투룸
L01138,2025-09-19,중개플랫폼,원룸
L01139,2025-09-20,중개플랫폼,원룸
L01140,2025-09-15,중개플랫폼,원룸
L01141,2025-09-24,중개사,상가
L01142,2025-09-12,중개플랫폼,투룸
L01143,2025-09-25,중개플랫폼,원룸
L01144,2025-09-13,중개플랫폼,원룸
L01145,2025-09-04,중개플랫폼,투룸
L01146,2025-09-08,중개플랫폼,원룸
L01147,2025-09-06,중개플랫폼,원룸
L01148,2025-09-03,중개플랫폼,원룸
L01149,2025-09-12,직영,원룸
L01150,2025-09-01,중개플랫폼,원룸
L01151,2025-09-25,중개사,투룸
L01152,2025-09-28,직영,원룸
L01153,2025-09-11,중개플랫폼,투룸
L01154,2025-09-28,중개플랫폼,원룸
L01155,2025-09-13,중개플랫폼,상가
L01156,2025-09-27,중개플랫폼,투룸
L01157,2025-09-09,중개플랫폼,상가
L01158,2025-09-28,중개사,투룸
L01159,2025-09-25,중개플랫폼,투룸
L01160,2025-09-05,중개플랫폼,원룸
L01161,2025-09-24,직영,원룸
L01162,2025-09-07,중개사,상가
L01163,2025-09-16,중개플랫폼,투룸
L01164,2025-09-01,중개플랫폼,투룸
L01165,2025-09-08,중개사,원룸
L01166,2025-09-20,중개사,투룸
L01167,2025-09-17,중개사,상가
L01168,2025-09-06,중개사,원룸
L01169,2025-09-21,중개플랫폼,원룸
L01170,2025-09-10,중개플랫폼,상가
L01171,2025-09-24,중개사,원룸
L01172,2025-09-07,중개플랫폼,원룸
L01173,2025-09-04,중개사,상가
L01174,2025-09-10,직영,원룸
L01175,2025-09-03,중개플랫폼,상가
L01176,2025-09-22,중개플랫폼,원룸
L01177,2025-09-20,중개플랫폼,원룸
L01178,2025-09-05,직영,투룸
L01179,2025-09-19,중개플랫폼,투룸
L01180,2025-09-28,중개플랫폼,투룸
L01181,2025-09-10,중개플랫폼,투룸
L01182,2025-09-09,중개플랫폼,원룸
L01183,2025-09-06,중개플랫폼,상가
L01184,2025-09-19,중개플랫폼,투룸
L01185,2025-09-06,,투룸
L01186,2025-09-19,,투룸
L01187,2025-09-24,,투룸
L01188,2025-09-08,중개플랫폼,원룸
L01189,2025-09-14,중개플랫폼,원룸
L01190,2025-09-02,중개사,투룸
L01191,2025-09-26,중개플랫폼,투룸
L01192,2025-09-24,중개사,원룸
L01193,2025-09-24,중개플랫폼,상가
L01194,2025-09-19,중개플랫폼,투룸
L01195,2025-09-18,중개플랫폼,투룸
L01196,2025-09-17,중개플랫폼,투룸
L01197,2025-09-19,중개플랫폼,원룸
L01198,2025-09-17,중개사,원룸
L01199,2025-10-14,중개사,원룸
L01200,2025-10-22,중개사,상가
L01201,2025-10-07,중개플랫폼,원룸
L01202,2025-10-03,중개플랫폼,투룸
L01203,2025-10-17,중개사,원룸
L01204,2025-10-14,중개플랫폼,원룸
L01205,2025-10-24,중개사,원룸
L01206,2025-10-25,중개사,원룸
L01207,2025-10-11,,상가
L01208,2025-10-08,중개사,투룸
L01209,2025-10-26,중개플랫폼,투룸
L01210,2025-10-01,중개플랫폼,상가
L01211,2025-10-19,중개플랫폼,투룸
L01212,2025-10-22,직영,원룸
L01213,2025-10-09,직영,원룸
L01214,2025-10-18,직영,원룸
L01215,2025-10-24,중개사,투룸
L01216,2025-10-19,중개플랫폼,투룸
L01217,2025-10-06,중개플랫폼,원룸
L01218,2025-10-05,중개사,원룸
L01219,2025-10-04,직영,원룸
L01220,2025-10-07,중개플랫폼,원룸
L01221,2025-10-19,중개사,원룸
L01222,2025-10-06,중개플랫폼,상가
L01223,2025-10-02,중개사,상가
L01224,2025-10-23,직영,원룸
L01225,2025-10-01,중개사,원룸
L01226,2025-10-18,중개플랫폼,원룸
L01227,2025-10-07,중개사,투룸
L01228,2025-10-19,중개플랫폼,원룸
L01229,2025-10-14,중개플랫폼,상가
L01230,2025-10-13,직영,상가
L01231,2025-10-05,직영,원룸
L01232,2025-10-24,중개플랫폼,원룸
L01233,2025-10-09,중개플랫폼,원룸
L01234,2025-10-11,직영,원룸
L01235,2025-10-02,중개사,투룸
L01236,2025-10-27,중개사,원룸
L01237,2025-10-20,중개플랫폼,상가
L01238,2025-10-19,중개플랫폼,원룸
L01239,2025-10-11,중개사,원룸
L01240,2025-10-20,중개사,원룸
L01241,2025-10-22,중개플랫폼,원룸
L01242,2025-10-19,중개플랫폼,원룸
L01243,2025-10-23,중개플랫폼,원룸
L01244,2025-10-10,중개플랫폼,투룸
L01245,2025-10-08,중개사,상가
L01246,2025-10-04,,상가
L01247,2025-10-16,중개플랫폼,투룸
L01248,2025-10-03,중개사,투룸
L01249,2025-10-16,중개사,원룸
L01250,2025-10-02,중개플랫폼,원룸
L01251,2025-10-14,중개플랫폼,투룸
L01252,2025-10-28,중개사,투룸
L01253,2025-10-02,직영,원룸
L01254,2025-10-20,중개플랫폼,투룸
L01255,2025-10-09,중개플랫폼,원룸
L01256,2025-10-10,중개플랫폼,원룸
L01257,2025-10-24,직영,원룸
L01258,2025-10-02,직영,상가
L01259,2025-10-27,중개사,투룸
L01260,2025-10-04,중개사,원룸
L01261,2025-10-02,중개플랫폼,투룸
L01262,2025-10-06,,투룸
L01263,2025-10-05,직영,투룸
L01264,2025-10-20,중개플랫폼,상가
L01265,2025-10-21,중개플랫폼,투룸
L01266,2025-10-11,직영,원룸
L01267,2025-10-23,중개플랫폼,원룸
L01268,2025-10-14,중개플랫폼,투룸
L01269,2025-10-05,중개플랫폼,원룸
L01270,2025-10-25,중개플랫폼,원룸
L01271,2025-10-07,중개사,투룸
L01272,2025-11-16,중개사,원룸
L01273,2025-11-16,직영,투룸
L01274,2025-11-05,직영,상가
L01275,2025-11-21,직영,원룸
L01276,2025-11-19,중개플랫폼,원룸
L01277,2025-11-06,중개플랫폼,원룸
L01278,2025-11-04,중개사,투룸
L01279,2025-11-28,중개플랫폼,투룸
L01280,2025-11-17,중개플랫폼,원룸
L01281,2025-11-23,중개플랫폼,원룸
L01282,2025-11-08,중개사,투룸
L01283,2025-11-09,중개플랫폼,투룸
L01284,2025-11-20,,원룸
L01285,2025-11-09,중개플랫폼,원룸
L01286,2025-11-19,중개플랫폼,투룸
L01287,2025-11-11,중개플랫폼,원룸
L01288,2025-11-03,직영,원룸
L01289,2025-11-07,중개플랫폼,상가
L01290,2025-11-10,중개사,상가
L01291,2025-11-23,중개플랫폼,투룸
L01292,2025-11-09,,투룸
L01293,2025-11-18,중개플랫폼,상가
L01294,2025-11-25,중개사,원룸
L01295,2025-11-27,중개플랫폼,투룸
L01296,2025-11-14,중개플랫폼,원룸
L01297,2025-11-08,중개플랫폼,원룸
L01298,2025-11-16,중개사,원룸
L01299,2025-11-01,중개플랫폼,원룸
L01300,2025-11-14,중개플랫폼,투룸
L01301,2025-11-10,중개플랫폼,상가
L01302,2025-11-27,중개사,투룸
L01303,2025-11-20,,투룸
L01304,2025-11-20,중개플랫폼,투룸
L01305,2025-11-04,중개플랫폼,투룸
L01306,2025-11-10,중개플랫폼,원룸
L01307,2025-11-03,,투룸
L01308,2025-11-03,중개사,원룸
L01309,2025-11-02,중개플랫폼,원룸
L01310,2025-11-03,중개사,투룸
L01311,2025-11-16,중개플랫폼,상가
L01312,2025-11-14,중개사,원룸
L01313,2025-11-25,중개플랫폼,상가
L01314,2025-11-14,중개플랫폼,원룸
L01315,2025-11-25,중개사,원룸
L01316,2025-11-28,중개플랫폼,원룸
L01317,2025-11-14,중개플랫폼,상가
L01318,2025-11-17,직영,투룸
L01319,2025-11-23,중개플랫폼,원룸
L01320,2025-11-18,중개사,원룸
L01321,2025-11-03,중개플랫폼,원룸
L01322,2025-11-03,중개플랫폼,투룸
L01323,2025-11-04,중개사,투룸
L01324,2025-11-23,중개플랫폼,투룸
L01325,2025-11-25,중개플랫폼,상가
L01326,2025-11-15,중개플랫폼,원룸
L01327,2025-11-03,중개플랫폼,원룸
L01328,2025-11-07,중개플랫폼,상가
L01329,2025-11-23,중개플랫폼,원룸
L01330,2025-11-09,중개사,원룸
L01331,2025-11-06,중개플랫폼,투룸
L01332,2025-11-03,중개사,투룸
L01333,2025-11-25,중개플랫폼,원룸
L01334,2025-11-22,중개플랫폼,원룸
L01335,2025-11-01,중개플랫폼,원룸
L01336,2025-11-10,중개사,원룸
L01337,2025-11-16,중개사,원룸
L01338,2025-11-19,중개플랫폼,투룸
L01339,2025-11-25,중개플랫폼,원룸
L01340,2025-11-17,중개사,투룸
L01341,2025-11-12,중개플랫폼,상가
L01342,2025-11-04,중개플랫폼,상가
L01343,2025-11-01,중개플랫폼,원룸
L01344,2025-11-05,중개플랫폼,상가
L01345,2025-11-15,직영,원룸
L01346,2025-11-13,직영,상가
L01347,2025-11-19,중개플랫폼,투룸
L01348,2025-11-16,중개플랫폼,상가
L01349,2025-12-04,중개플랫폼,투룸
L01350,2025-12-08,직영,원룸
L01351,2025-12-07,직영,원룸
L01352,2025-12-21,중개플랫폼,투룸
L01353,2025-12-14,중개플랫폼,투룸
L01354,2025-12-19,중개플랫폼,상가
L01355,2025-12-02,중개사,투룸
L01356,2025-12-25,중개플랫폼,투룸
L01357,2025-12-21,중개사,원룸
L01358,2025-12-03,중개플랫폼,원룸
L01359,2025-12-14,중개플랫폼,투룸
L01360,2025-12-09,,원룸
L01361,2025-12-02,,원룸
L01362,2025-12-24,중개사,원룸
L01363,2025-12-10,중개플랫폼,원룸
L01364,2025-12-05,직영,상가
L01365,2025-12-12,중개사,투룸
L01366,2025-12-24,직영,원룸
L01367,2025-12-21,중개사,원룸
L01368,2025-12-03,중개플랫폼,원룸
L01369,2025-12-17,중개플랫폼,원룸
L01370,2025-12-17,중개플랫폼,원룸
L01371,2025-12-03,중개플랫폼,투룸
L01372,2025-12-25,중개사,원룸
L01373,2025-12-27,중개사,투룸
L01374,2025-12-24,중개플랫폼,원룸
L01375,2025-12-05,중개사,상가
L01376,2025-12-28,직영,원룸
L01377,2025-12-03,중개플랫폼,투룸
L01378,2025-12-23,,원룸
L01379,2025-12-21,중개사,투룸
L01380,2025-12-22,중개플랫폼,원룸
L01381,2025-12-23,중개플랫폼,원룸
L01382,2025-12-28,중개사,원룸
L01383,2025-12-11,,투룸
L01384,2025-12-16,직영,상가
L01385,2025-12-09,중개플랫폼,투룸
L01386,2025-12-16,중개사,투룸
L01387,2025-12-16,중개사,투룸
L01388,2025-12-20,중개사,원룸
L01389,2025-12-18,중개사,원룸
L01390,2025-12-14,직영,투룸
L01391,2025-12-11,중개사,투룸
L01392,2025-12-04,중개사,원룸
L01393,2025-12-12,중개플랫폼,투룸
L01394,2025-12-24,중개플랫폼,투룸
L01395,2025-12-28,중개사,원룸
L01396,2025-12-21,중개사,투룸
L01397,2025-12-13,직영,투룸
L01398,2025-12-08,직영,상가
L01399,2025-12-13,중개사,투룸
L01400,2025-12-26,중개플랫폼,투룸
L01401,2025-12-23,중개플랫폼,상가
L01402,2025-12-22,중개플랫폼,원룸
L01403,2025-12-23,중개플랫폼,원룸
L01404,2025-12-15,중개플랫폼,투룸
L01405,2025-12-28,중개플랫폼,원룸
L01406,2025-12-14,중개플랫폼,원룸
L01407,2025-12-18,중개사,원룸
L01408,2025-12-20,중개사,원룸
L01409,2025-12-07,직영,투룸
L01410,2025-12-09,직영,원룸
L01411,2025-12-04,중개플랫폼,원룸
L01412,2025-12-10,직영,원룸
L01413,2025-12-07,직영,투룸
L01414,2025-12-24,중개플랫폼,투룸
L01415,2025-12-08,중개사,원룸
L01416,2025-12-09,직영,투룸
L01417,2025-12-12,중개사,투룸
L01418,2025-12-15,직영,원룸
L01419,2025-12-09,중개사,상가
L01420,2025-12-28,중개플랫폼,투룸
L01421,2025-12-07,중개사,원룸
L01422,2025-12-09,중개플랫폼,원룸
L01423,2025-12-08,중개플랫폼,투룸
L01424,2025-12-10,중개플랫폼,투룸
L01425,2025-12-05,중개사,투룸
L01426,2025-12-03,중개플랫폼,투룸
L01427,2025-12-12,중개사,원룸
L01428,2025-12-26,중개플랫폼,투룸
L01429,2025-12-11,중개사,원룸
L01430,2025-12-09,중개사,원룸
L01431,2025-05-09,중개사,원룸
L01432,2024-12-07,중개플랫폼,원룸
L01433,2024-12-11,중개플랫폼,원룸
L01434,2025-11-02,중개사,투룸
L01435,2025-08-11,중개플랫폼,투룸
L01436,2024-08-12,직영,원룸
L01437,2025-08-15,중개플랫폼,원룸
L01438,2025-05-22,중개플랫폼,원룸
L01439,2024-12-25,중개플랫폼,원룸
L01440,2024-07-16,중개사,상가
L01441,2025-05-21,중개사,원룸
L01442,2024-09-16,중개플랫폼,투룸
L01443,2024-12-02,중개플랫폼,상가
L01444,2024-11-27,중개플랫폼,투룸
L01445,2025-10-17,중개사,원룸
L01446,2025-02-18,중개사,원룸
L01447,2024-12-10,중개플랫폼,원룸
L01448,2025-12-03,중개사,원룸
L01449,2025-09-20,중개플랫폼,원룸
L01450,2025-01-07,중개플랫폼,투룸
L01451,2025-09-18,중개사,원룸
L01452,2024-12-25,중개사,투룸
L01453,2024-11-03,중개플랫폼,상가
L01454,2024-06-16,중개사,원룸
L01455,2025-11-08,중개플랫폼,투룸
L01456,2024-10-13,중개플랫폼,원룸
L01457,2025-01-28,중개플랫폼,원룸
L01458,2025-12-05,중개플랫폼,원룸
