payment_id,contract_id,payment_month,paid,amount
P000001,K00001,2024-07,True,450000.0
P000002,K00001,2024-08,True,450000.0
P000003,K00001,2024-09,True,450000.0
P000004,K00001,2024-10,True,450000.0
P000005,K00001,2024-11,True,450000.0
P000006,K00001,2024-12,True,450000.0
P000007,K00001,2025-01,True,450000.0
P000008,K00001,2025-02,True,450000.0
P000009,K00001,2025-03,True,450000.0
P000010,K00001,2025-04,True,450000.0
P000011,K00001,2025-05,True,450000.0
P000012,K00001,2025-06,True,450000.0
P000013,K00002,2024-06,True,450000.0
P000014,K00002,2024-07,True,450000.0
P000015,K00002,2024-08,True,450000.0
P000016,K00002,2024-09,True,450000.0
P000017,K00002,2024-10,True,450000.0
P000018,K00002,2024-11,True,450000.0
P000019,K00002,2024-12,True,450000.0
P000020,K00002,2025-01,True,450000.0
P000021,K00002,2025-02,True,450000.0
P000022,K00002,2025-03,True,450000.0
P000023,K00002,2025-04,True,450000.0
P000024,K00002,2025-05,True,450000.0
P000025,K00003,2024-07,True,650000.0
P000026,K00003,2024-08,True,650000.0
P000027,K00003,2024-09,True,650000.0
P000028,K00003,2024-10,True,650000.0
P000029,K00003,2024-11,True,650000.0
P000030,K00003,2024-12,False,
P000031,K00003,2025-01,True,650000.0
P000032,K00003,2025-02,True,650000.0
P000033,K00003,2025-03,True,650000.0
P000034,K00003,2025-04,True,650000.0
P000035,K00003,2025-05,True,650000.0
P000036,K00003,2025-06,True,650000.0
P000037,K00004,2024-06,True,450000.0
P000038,K00004,2024-07,True,450000.0
P000039,K00004,2024-08,True,450000.0
P000040,K00004,2024-09,True,450000.0
P000041,K00004,2024-10,True,450000.0
P000042,K00004,2024-11,True,450000.0
P000043,K00004,2024-12,True,450000.0
P000044,K00004,2025-01,True,450000.0
P000045,K00004,2025-02,True,450000.0
P000046,K00004,2025-03,True,450000.0
P000047,K00004,2025-04,True,450000.0
P000048,K00004,2025-05,True,450000.0
P000049,K00005,2024-07,True,450000.0
P000050,K00005,2024-08,True,450000.0
P000051,K00005,2024-09,True,450000.0
P000052,K00005,2024-10,True,450000.0
P000053,K00005,2024-11,True,450000.0
P000054,K00005,2024-12,True,450000.0
P000055,K00005,2025-01,True,450000.0
P000056,K00005,2025-02,True,450000.0
P000057,K00005,2025-03,True,450000.0
P000058,K00005,2025-04,True,450000.0
P000059,K00005,2025-05,True,450000.0
P000060,K00005,2025-06,True,450000.0
P000061,K00006,2024-06,False,
P000062,K00006,2024-07,True,550000.0
P000063,K00006,2024-08,True,550000.0
P000064,K00006,2024-09,True,550000.0
P000065,K00006,2024-10,True,550000.0
P000066,K00006,2024-11,True,550000.0
P000067,K00006,2024-12,True,550000.0
P000068,K00006,2025-01,True,550000.0
P000069,K00006,2025-02,True,550000.0
P000070,K00006,2025-03,True,550000.0
P000071,K00006,2025-04,True,550000.0
P000072,K00006,2025-05,True,550000.0
P000073,K00007,2024-07,True,650000.0
P000074,K00007,2024-08,True,650000.0
P000075,K00007,2024-09,True,650000.0
P000076,K00007,2024-10,True,650000.0
P000077,K00007,2024-11,True,650000.0
P000078,K00007,2024-12,True,650000.0
P000079,K00007,2025-01,True,650000.0
P000080,K00007,2025-02,True,650000.0
P000081,K00007,2025-03,True,650000.0
P000082,K00007,2025-04,True,650000.0
P000083,K00007,2025-05,True,650000.0
P000084,K00007,2025-06,True,650000.0
P000085,K00008,2024-07,True,650000.0
P000086,K00008,2024-08,True,650000.0
P000087,K00008,2024-09,True,650000.0
P000088,K00008,2024-10,True,650000.0
P000089,K00008,2024-11,True,650000.0
P000090,K00008,2024-12,False,
P000091,K00008,2025-01,True,650000.0
P000092,K00008,2025-02,True,650000.0
P000093,K00008,2025-03,True,650000.0
P000094,K00008,2025-04,True,650000.0
P000095,K00008,2025-05,True,650000.0
P000096,K00008,2025-06,True,650000.0
P000097,K00009,2024-07,True,450000.0
P000098,K00009,2024-08,True,450000.0
P000099,K00009,2024-09,True,450000.0
P000100,K00009,2024-10,True,450000.0
P000101,K00009,2024-11,True,450000.0
P000102,K00009,2024-12,True,450000.0
P000103,K00009,2025-01,True,450000.0
P000104,K00009,2025-02,True,450000.0
P000105,K00009,2025-03,True,450000.0
P000106,K00009,2025-04,True,450000.0
P000107,K00009,2025-05,True,450000.0
P000108,K00009,2025-06,True,450000.0
P000109,K00010,2024-08,True,650000.0
P000110,K00010,2024-09,True,650000.0
P000111,K00010,2024-10,True,650000.0
P000112,K00010,2024-11,True,650000.0
P000113,K00010,2024-12,False,
P000114,K00010,2025-01,True,650000.0
P000115,K00010,2025-02,True,650000.0
P000116,K00010,2025-03,True,650000.0
P000117,K00010,2025-04,True,650000.0
P000118,K00010,2025-05,True,650000.0
P000119,K00010,2025-06,True,650000.0
P000120,K00010,2025-07,True,650000.0
P000121,K00011,2024-09,True,550000.0
P000122,K00011,2024-10,True,550000.0
P000123,K00011,2024-11,True,550000.0
P000124,K00011,2024-12,True,550000.0
P000125,K00011,2025-01,True,550000.0
P000126,K00011,2025-02,True,550000.0
P000127,K00011,2025-03,True,550000.0
P000128,K00011,2025-04,False,
P000129,K00011,2025-05,True,550000.0
P000130,K00011,2025-06,True,550000.0
P000131,K00011,2025-07,True,550000.0
P000132,K00011,2025-08,True,550000.0
P000133,K00012,2024-08,True,800000.0
P000134,K00012,2024-09,True,800000.0
P000135,K00012,2024-10,True,800000.0
P000136,K00012,2024-11,True,800000.0
P000137,K00012,2024-12,True,800000.0
P000138,K00012,2025-01,True,800000.0
P000139,K00012,2025-02,True,800000.0
P000140,K00012,2025-03,True,800000.0
P000141,K00012,2025-04,True,800000.0
P000142,K00012,2025-05,True,800000.0
P000143,K00012,2025-06,True,800000.0
P000144,K00012,2025-07,False,
P000145,K00013,2024-09,True,550000.0
P000146,K00013,2024-10,True,550000.0
P000147,K00013,2024-11,True,550000.0
P000148,K00013,2024-12,False,
P000149,K00013,2025-01,True,550000.0
P000150,K00013,2025-02,True,550000.0
P000151,K00013,2025-03,True,550000.0
P000152,K00013,2025-04,True,550000.0
P000153,K00013,2025-05,True,550000.0
P000154,K00013,2025-06,True,550000.0
P000155,K00013,2025-07,True,550000.0
P000156,K00013,2025-08,True,550000.0
P000157,K00014,2024-08,True,450000.0
P000158,K00014,2024-09,True,450000.0
P000159,K00014,2024-10,True,450000.0
P000160,K00014,2024-11,True,450000.0
P000161,K00014,2024-12,True,450000.0
P000162,K00014,2025-01,True,450000.0
P000163,K00014,2025-02,True,450000.0
P000164,K00014,2025-03,True,450000.0
P000165,K00014,2025-04,True,450000.0
P000166,K00014,2025-05,True,450000.0
P000167,K00014,2025-06,True,450000.0
P000168,K00014,2025-07,True,450000.0
P000169,K00015,2024-08,True,550000.0
P000170,K00015,2024-09,True,550000.0
P000171,K00015,2024-10,True,550000.0
P000172,K00015,2024-11,True,550000.0
P000173,K00015,2024-12,False,
P000174,K00015,2025-01,True,550000.0
P000175,K00015,2025-02,True,550000.0
P000176,K00015,2025-03,True,550000.0
P000177,K00015,2025-04,True,550000.0
P000178,K00015,2025-05,True,550000.0
P000179,K00015,2025-06,False,
P000180,K00015,2025-07,True,550000.0
P000181,K00016,2024-09,True,800000.0
P000182,K00016,2024-10,True,800000.0
P000183,K00016,2024-11,True,800000.0
P000184,K00016,2024-12,True,800000.0
P000185,K00016,2025-01,True,800000.0
P000186,K00016,2025-02,True,800000.0
P000187,K00016,2025-03,True,800000.0
P000188,K00016,2025-04,True,800000.0
P000189,K00016,2025-05,True,800000.0
P000190,K00016,2025-06,True,800000.0
P000191,K00016,2025-07,True,800000.0
P000192,K00016,2025-08,True,800000.0
P000193,K00017,2024-09,True,550000.0
P000194,K00017,2024-10,True,550000.0
P000195,K00017,2024-11,True,550000.0
P000196,K00017,2024-12,True,550000.0
P000197,K00017,2025-01,True,550000.0
P000198,K00017,2025-02,True,550000.0
P000199,K00017,2025-03,True,550000.0
P000200,K00017,2025-04,True,550000.0
P000201,K00017,2025-05,True,550000.0
P000202,K00017,2025-06,True,550000.0
P000203,K00017,2025-07,True,550000.0
P000204,K00017,2025-08,True,550000.0
P000205,K00018,2024-09,False,
P000206,K00018,2024-10,True,450000.0
P000207,K00018,2024-11,True,450000.0
P000208,K00018,2024-12,True,450000.0
P000209,K00018,2025-01,True,450000.0
P000210,K00018,2025-02,True,450000.0
P000211,K00018,2025-03,True,450000.0
P000212,K00018,2025-04,True,450000.0
P000213,K00018,2025-05,True,450000.0
P000214,K00018,2025-06,True,450000.0
P000215,K00018,2025-07,True,450000.0
P000216,K00018,2025-08,True,450000.0
P000217,K00019,2024-08,True,1200000.0
P000218,K00019,2024-09,True,1200000.0
P000219,K00019,2024-10,True,1200000.0
P000220,K00019,2024-11,True,1200000.0
P000221,K00019,2024-12,True,1200000.0
P000222,K00019,2025-01,True,1200000.0
P000223,K00019,2025-02,True,1200000.0
P000224,K00019,2025-03,True,1200000.0
P000225,K00019,2025-04,True,1200000.0
P000226,K00019,2025-05,True,1200000.0
P000227,K00019,2025-06,True,1200000.0
P000228,K00019,2025-07,True,1200000.0
P000229,K00020,2024-09,True,450000.0
P000230,K00020,2024-10,True,450000.0
P000231,K00020,2024-11,True,450000.0
P000232,K00020,2024-12,True,450000.0
P000233,K00020,2025-01,True,450000.0
P000234,K00020,2025-02,True,450000.0
P000235,K00020,2025-03,True,450000.0
P000236,K00020,2025-04,True,450000.0
P000237,K00020,2025-05,True,450000.0
P000238,K00020,2025-06,True,450000.0
P000239,K00020,2025-07,True,450000.0
P000240,K00020,2025-08,True,450000.0
P000241,K00021,2024-10,True,450000.0
P000242,K00021,2024-11,True,450000.0
P000243,K00021,2024-12,True,450000.0
P000244,K00021,2025-01,True,450000.0
P000245,K00021,2025-02,True,450000.0
P000246,K00021,2025-03,True,450000.0
P000247,K00021,2025-04,True,450000.0
P000248,K00021,2025-05,True,450000.0
P000249,K00021,2025-06,True,450000.0
P000250,K00021,2025-07,True,450000.0
P000251,K00021,2025-08,True,450000.0
P000252,K00021,2025-09,True,450000.0
P000253,K00022,2024-09,True,650000.0
P000254,K00022,2024-10,True,650000.0
P000255,K00022,2024-11,True,650000.0
P000256,K00022,2024-12,True,650000.0
P000257,K00022,2025-01,True,650000.0
P000258,K00022,2025-02,True,650000.0
P000259,K00022,2025-03,True,650000.0
P000260,K00022,2025-04,True,650000.0
P000261,K00022,2025-05,True,650000.0
P000262,K00022,2025-06,False,
P000263,K00022,2025-07,True,650000.0
P000264,K00022,2025-08,True,650000.0
P000265,K00023,2024-10,True,800000.0
P000266,K00023,2024-11,True,800000.0
P000267,K00023,2024-12,True,800000.0
P000268,K00023,2025-01,True,800000.0
P000269,K00023,2025-02,True,800000.0
P000270,K00023,2025-03,True,800000.0
P000271,K00023,2025-04,False,
P000272,K00023,2025-05,True,800000.0
P000273,K00023,2025-06,True,800000.0
P000274,K00023,2025-07,True,800000.0
P000275,K00023,2025-08,True,800000.0
P000276,K00023,2025-09,True,800000.0
P000277,K00024,2024-10,True,450000.0
P000278,K00024,2024-11,True,450000.0
P000279,K00024,2024-12,True,450000.0
P000280,K00024,2025-01,True,450000.0
P000281,K00024,2025-02,True,450000.0
P000282,K00024,2025-03,False,
P000283,K00024,2025-04,True,450000.0
P000284,K00024,2025-05,True,450000.0
P000285,K00024,2025-06,True,450000.0
P000286,K00024,2025-07,True,450000.0
P000287,K00024,2025-08,True,450000.0
P000288,K00024,2025-09,True,450000.0
P000289,K00025,2024-09,True,650000.0
P000290,K00025,2024-10,True,650000.0
P000291,K00025,2024-11,True,650000.0
P000292,K00025,2024-12,True,650000.0
P000293,K00025,2025-01,True,650000.0
P000294,K00025,2025-02,True,650000.0
P000295,K00025,2025-03,True,650000.0
P000296,K00025,2025-04,True,650000.0
P000297,K00025,2025-05,True,650000.0
P000298,K00025,2025-06,True,650000.0
P000299,K00025,2025-07,True,650000.0
P000300,K00025,2025-08,True,650000.0
P000301,K00026,2024-09,False,
P000302,K00026,2024-10,True,450000.0
P000303,K00026,2024-11,True,450000.0
P000304,K00026,2024-12,True,450000.0
P000305,K00026,2025-01,True,450000.0
P000306,K00026,2025-02,True,450000.0
P000307,K00026,2025-03,True,450000.0
P000308,K00026,2025-04,True,450000.0
P000309,K00026,2025-05,True,450000.0
P000310,K00026,2025-06,True,450000.0
P000311,K00026,2025-07,True,450000.0
P000312,K00026,2025-08,True,450000.0
P000313,K00027,2024-09,True,650000.0
P000314,K00027,2024-10,True,650000.0
P000315,K00027,2024-11,True,650000.0
P000316,K00027,2024-12,True,650000.0
P000317,K00027,2025-01,True,650000.0
P000318,K00027,2025-02,True,650000.0
P000319,K00027,2025-03,True,650000.0
P000320,K00027,2025-04,False,
P000321,K00027,2025-05,True,650000.0
P000322,K00027,2025-06,True,650000.0
P000323,K00027,2025-07,True,650000.0
P000324,K00027,2025-08,True,650000.0
P000325,K00028,2024-09,True,650000.0
P000326,K00028,2024-10,True,650000.0
P000327,K00028,2024-11,True,650000.0
P000328,K00028,2024-12,True,650000.0
P000329,K00028,2025-01,True,650000.0
P000330,K00028,2025-02,True,650000.0
P000331,K00028,2025-03,True,650000.0
P000332,K00028,2025-04,True,650000.0
P000333,K00028,2025-05,True,650000.0
P000334,K00028,2025-06,True,650000.0
P000335,K00028,2025-07,False,
P000336,K00028,2025-08,False,
P000337,K00029,2024-10,True,1200000.0
P000338,K00029,2024-11,True,1200000.0
P000339,K00029,2024-12,True,1200000.0
P000340,K00029,2025-01,True,1200000.0
P000341,K00029,2025-02,True,1200000.0
P000342,K00029,2025-03,True,1200000.0
P000343,K00029,2025-04,True,1200000.0
P000344,K00029,2025-05,True,1200000.0
P000345,K00029,2025-06,True,1200000.0
P000346,K00029,2025-07,True,1200000.0
P000347,K00029,2025-08,True,1200000.0
P000348,K00029,2025-09,True,1200000.0
P000349,K00030,2024-09,True,1200000.0
P000350,K00030,2024-10,True,1200000.0
P000351,K00030,2024-11,True,1200000.0
P000352,K00030,2024-12,True,1200000.0
P000353,K00030,2025-01,True,1200000.0
P000354,K00030,2025-02,False,
P000355,K00030,2025-03,True,1200000.0
P000356,K00030,2025-04,True,1200000.0
P000357,K00030,2025-05,True,1200000.0
P000358,K00030,2025-06,True,1200000.0
P000359,K00030,2025-07,True,1200000.0
P000360,K00030,2025-08,True,1200000.0
P000361,K00031,2024-10,True,800000.0
P000362,K00031,2024-11,True,800000.0
P000363,K00031,2024-12,True,800000.0
P000364,K00031,2025-01,True,800000.0
P000365,K00031,2025-02,True,800000.0
P000366,K00031,2025-03,True,800000.0
P000367,K00031,2025-04,True,800000.0
P000368,K00031,2025-05,True,800000.0
P000369,K00031,2025-06,True,800000.0
P000370,K00031,2025-07,True,800000.0
P000371,K00031,2025-08,True,800000.0
P000372,K00031,2025-09,True,800000.0
P000373,K00032,2024-10,True,550000.0
P000374,K00032,2024-11,True,550000.0
P000375,K00032,2024-12,True,550000.0
P000376,K00032,2025-01,True,550000.0
P000377,K00032,2025-02,False,
P000378,K00032,2025-03,True,550000.0
P000379,K00032,2025-04,True,550000.0
P000380,K00032,2025-05,True,550000.0
P000381,K00032,2025-06,True,550000.0
P000382,K00032,2025-07,True,550000.0
P000383,K00032,2025-08,True,550000.0
P000384,K00032,2025-09,True,550000.0
P000385,K00033,2024-10,True,800000.0
P000386,K00033,2024-11,True,800000.0
P000387,K00033,2024-12,True,800000.0
P000388,K00033,2025-01,True,800000.0
P000389,K00033,2025-02,True,800000.0
P000390,K00033,2025-03,True,800000.0
P000391,K00033,2025-04,True,800000.0
P000392,K00033,2025-05,True,800000.0
P000393,K00033,2025-06,True,800000.0
P000394,K00034,2024-10,True,450000.0
P000395,K00034,2024-11,True,450000.0
P000396,K00034,2024-12,True,450000.0
P000397,K00034,2025-01,True,450000.0
P000398,K00034,2025-02,True,450000.0
P000399,K00034,2025-03,True,450000.0
P000400,K00034,2025-04,True,450000.0
P000401,K00034,2025-05,True,450000.0
P000402,K00034,2025-06,True,450000.0
P000403,K00034,2025-07,True,450000.0
P000404,K00034,2025-08,True,450000.0
P000405,K00034,2025-09,True,450000.0
P000406,K00035,2024-10,True,650000.0
P000407,K00035,2024-11,True,650000.0
P000408,K00035,2024-12,True,650000.0
P000409,K00035,2025-01,True,650000.0
P000410,K00035,2025-02,True,650000.0
P000411,K00035,2025-03,True,650000.0
P000412,K00035,2025-04,True,650000.0
P000413,K00035,2025-05,True,650000.0
P000414,K00035,2025-06,True,650000.0
P000415,K00035,2025-07,True,650000.0
P000416,K00035,2025-08,True,650000.0
P000417,K00035,2025-09,True,650000.0
P000418,K00036,2024-10,True,450000.0
P000419,K00036,2024-11,True,450000.0
P000420,K00036,2024-12,True,450000.0
P000421,K00036,2025-01,True,450000.0
P000422,K00036,2025-02,True,450000.0
P000423,K00036,2025-03,True,450000.0
P000424,K00036,2025-04,True,450000.0
P000425,K00036,2025-05,True,450000.0
P000426,K00036,2025-06,True,450000.0
P000427,K00036,2025-07,True,450000.0
P000428,K00036,2025-08,False,
P000429,K00036,2025-09,True,450000.0
P000430,K00037,2024-10,True,800000.0
P000431,K00037,2024-11,True,800000.0
P000432,K00037,2024-12,True,800000.0
P000433,K00037,2025-01,True,800000.0
P000434,K00037,2025-02,True,800000.0
P000435,K00037,2025-03,True,800000.0
P000436,K00037,2025-04,True,800000.0
P000437,K00037,2025-05,True,800000.0
P000438,K00037,2025-06,True,800000.0
P000439,K00037,2025-07,True,800000.0
P000440,K00037,2025-08,True,800000.0
P000441,K00037,2025-09,True,800000.0
P000442,K00038,2024-11,True,800000.0
P000443,K00038,2024-12,False,
P000444,K00038,2025-01,True,800000.0
P000445,K00038,2025-02,True,800000.0
P000446,K00038,2025-03,True,800000.0
P000447,K00038,2025-04,True,800000.0
P000448,K00038,2025-05,True,800000.0
P000449,K00038,2025-06,True,800000.0
P000450,K00038,2025-07,True,800000.0
P000451,K00038,2025-08,True,800000.0
P000452,K00038,2025-09,True,800000.0
P000453,K00038,2025-10,True,800000.0
P000454,K00039,2024-11,True,1200000.0
P000455,K00039,2024-12,True,1200000.0
P000456,K00039,2025-01,True,1200000.0
P000457,K00039,2025-02,True,1200000.0
P000458,K00039,2025-03,True,1200000.0
P000459,K00039,2025-04,True,1200000.0
P000460,K00039,2025-05,True,1200000.0
P000461,K00039,2025-06,True,1200000.0
P000462,K00039,2025-07,False,
P000463,K00039,2025-08,True,1200000.0
P000464,K00039,2025-09,True,1200000.0
P000465,K00039,2025-10,True,1200000.0
P000466,K00040,2024-11,True,450000.0
P000467,K00040,2024-12,True,450000.0
P000468,K00040,2025-01,True,450000.0
P000469,K00040,2025-02,True,450000.0
P000470,K00040,2025-03,True,450000.0
P000471,K00040,2025-04,False,
P000472,K00040,2025-05,True,450000.0
P000473,K00040,2025-06,True,450000.0
P000474,K00040,2025-07,True,450000.0
P000475,K00040,2025-08,True,450000.0
P000476,K00040,2025-09,True,450000.0
P000477,K00040,2025-10,True,450000.0
P000478,K00041,2024-10,True,650000.0
P000479,K00041,2024-11,True,650000.0
P000480,K00041,2024-12,True,650000.0
P000481,K00041,2025-01,True,650000.0
P000482,K00041,2025-02,True,650000.0
P000483,K00041,2025-03,True,650000.0
P000484,K00041,2025-04,True,650000.0
P000485,K00041,2025-05,True,650000.0
P000486,K00041,2025-06,True,650000.0
P000487,K00041,2025-07,True,650000.0
P000488,K00041,2025-08,False,
P000489,K00041,2025-09,True,650000.0
P000490,K00042,2024-12,True,650000.0
P000491,K00042,2025-01,True,650000.0
P000492,K00042,2025-02,True,650000.0
P000493,K00042,2025-03,True,650000.0
P000494,K00042,2025-04,True,650000.0
P000495,K00042,2025-05,True,650000.0
P000496,K00042,2025-06,True,650000.0
P000497,K00042,2025-07,True,650000.0
P000498,K00042,2025-08,True,650000.0
P000499,K00042,2025-09,True,650000.0
P000500,K00042,2025-10,True,650000.0
P000501,K00042,2025-11,True,650000.0
P000502,K00043,2024-12,True,550000.0
P000503,K00043,2025-01,True,550000.0
P000504,K00043,2025-02,True,550000.0
P000505,K00043,2025-03,True,550000.0
P000506,K00043,2025-04,True,550000.0
P000507,K00043,2025-05,True,550000.0
P000508,K00043,2025-06,True,550000.0
P000509,K00043,2025-07,True,550000.0
P000510,K00043,2025-08,True,550000.0
P000511,K00043,2025-09,True,550000.0
P000512,K00043,2025-10,True,550000.0
P000513,K00043,2025-11,True,550000.0
P000514,K00044,2024-12,True,550000.0
P000515,K00044,2025-01,True,550000.0
P000516,K00044,2025-02,True,550000.0
P000517,K00044,2025-03,True,550000.0
P000518,K00044,2025-04,True,550000.0
P000519,K00044,2025-05,False,
P000520,K00044,2025-06,True,550000.0
P000521,K00044,2025-07,False,
P000522,K00044,2025-08,True,550000.0
P000523,K00044,2025-09,True,550000.0
P000524,K00044,2025-10,True,550000.0
P000525,K00044,2025-11,True,550000.0
P000526,K00045,2024-11,False,
P000527,K00045,2024-12,True,650000.0
P000528,K00045,2025-01,True,650000.0
P000529,K00045,2025-02,True,650000.0
P000530,K00045,2025-03,True,650000.0
P000531,K00045,2025-04,True,650000.0
P000532,K00045,2025-05,True,650000.0
P000533,K00045,2025-06,False,
P000534,K00045,2025-07,True,650000.0
P000535,K00045,2025-08,True,650000.0
P000536,K00045,2025-09,True,650000.0
P000537,K00045,2025-10,True,650000.0
P000538,K00046,2024-12,True,550000.0
P000539,K00046,2025-01,True,550000.0
P000540,K00046,2025-02,True,550000.0
P000541,K00046,2025-03,True,550000.0
P000542,K00046,2025-04,True,550000.0
P000543,K00046,2025-05,False,
P000544,K00046,2025-06,True,550000.0
P000545,K00046,2025-07,True,550000.0
P000546,K00046,2025-08,True,550000.0
P000547,K00046,2025-09,True,550000.0
P000548,K00046,2025-10,True,550000.0
P000549,K00046,2025-11,True,550000.0
P000550,K00047,2025-01,True,550000.0
P000551,K00047,2025-02,True,550000.0
P000552,K00047,2025-03,False,
P000553,K00047,2025-04,True,550000.0
P000554,K00047,2025-05,True,550000.0
P000555,K00047,2025-06,True,550000.0
P000556,K00047,2025-07,True,550000.0
P000557,K00047,2025-08,True,550000.0
P000558,K00048,2025-01,True,800000.0
P000559,K00048,2025-02,False,
P000560,K00048,2025-03,True,800000.0
P000561,K00048,2025-04,True,800000.0
P000562,K00048,2025-05,True,800000.0
P000563,K00048,2025-06,True,800000.0
P000564,K00048,2025-07,True,800000.0
P000565,K00049,2025-01,True,650000.0
P000566,K00049,2025-02,True,650000.0
P000567,K00049,2025-03,True,650000.0
P000568,K00049,2025-04,True,650000.0
P000569,K00049,2025-05,True,650000.0
P000570,K00049,2025-06,True,650000.0
P000571,K00049,2025-07,True,650000.0
P000572,K00049,2025-08,True,650000.0
P000573,K00050,2025-01,True,550000.0
P000574,K00050,2025-02,True,550000.0
P000575,K00050,2025-03,False,
P000576,K00050,2025-04,True,550000.0
P000577,K00050,2025-05,True,550000.0
P000578,K00050,2025-06,True,550000.0
P000579,K00050,2025-07,True,550000.0
P000580,K00050,2025-08,True,550000.0
P000581,K00050,2025-09,True,550000.0
P000582,K00050,2025-10,True,550000.0
P000583,K00050,2025-11,False,
P000584,K00051,2024-12,True,550000.0
P000585,K00051,2025-01,True,550000.0
P000586,K00051,2025-02,True,550000.0
P000587,K00051,2025-03,True,550000.0
P000588,K00051,2025-04,True,550000.0
P000589,K00051,2025-05,True,550000.0
P000590,K00051,2025-06,True,550000.0
P000591,K00051,2025-07,True,550000.0
P000592,K00051,2025-08,True,550000.0
P000593,K00051,2025-09,True,550000.0
P000594,K00051,2025-10,True,550000.0
P000595,K00051,2025-11,True,550000.0
P000596,K00052,2024-12,True,550000.0
P000597,K00052,2025-01,True,550000.0
P000598,K00052,2025-02,True,550000.0
P000599,K00052,2025-03,True,550000.0
P000600,K00052,2025-04,True,550000.0
P000601,K00052,2025-05,True,550000.0
P000602,K00052,2025-06,True,550000.0
P000603,K00052,2025-07,False,
P000604,K00052,2025-08,True,550000.0
P000605,K00052,2025-09,False,
P000606,K00052,2025-10,True,550000.0
P000607,K00052,2025-11,True,550000.0
P000608,K00053,2024-12,True,1200000.0
P000609,K00053,2025-01,True,1200000.0
P000610,K00053,2025-02,True,1200000.0
P000611,K00053,2025-03,True,1200000.0
P000612,K00053,2025-04,True,1200000.0
P000613,K00053,2025-05,True,1200000.0
P000614,K00053,2025-06,True,1200000.0
P000615,K00053,2025-07,True,1200000.0
P000616,K00053,2025-08,True,1200000.0
P000617,K00053,2025-09,True,1200000.0
P000618,K00053,2025-10,True,1200000.0
P000619,K00053,2025-11,True,1200000.0
P000620,K00054,2024-12,True,450000.0
P000621,K00054,2025-01,True,450000.0
P000622,K00054,2025-02,False,
P000623,K00054,2025-03,False,
P000624,K00054,2025-04,True,450000.0
P000625,K00054,2025-05,True,450000.0
P000626,K00054,2025-06,True,450000.0
P000627,K00054,2025-07,True,450000.0
P000628,K00054,2025-08,True,450000.0
P000629,K00054,2025-09,True,450000.0
P000630,K00054,2025-10,True,450000.0
P000631,K00054,2025-11,True,450000.0
P000632,K00055,2025-01,True,650000.0
P000633,K00055,2025-02,True,650000.0
P000634,K00055,2025-03,True,650000.0
P000635,K00055,2025-04,True,650000.0
P000636,K00055,2025-05,True,650000.0
P000637,K00055,2025-06,True,650000.0
P000638,K00055,2025-07,True,650000.0
P000639,K00055,2025-08,True,650000.0
P000640,K00055,2025-09,True,650000.0
P000641,K00055,2025-10,True,650000.0
P000642,K00056,2025-01,False,
P000643,K00056,2025-02,True,650000.0
P000644,K00056,2025-03,True,650000.0
P000645,K00057,2025-02,True,650000.0
P000646,K00057,2025-03,True,650000.0
P000647,K00057,2025-04,True,650000.0
P000648,K00057,2025-05,True,650000.0
P000649,K00057,2025-06,True,650000.0
P000650,K00058,2025-02,True,550000.0
P000651,K00058,2025-03,True,550000.0
P000652,K00058,2025-04,True,550000.0
P000653,K00058,2025-05,True,550000.0
P000654,K00058,2025-06,True,550000.0
P000655,K00059,2025-01,True,800000.0
P000656,K00059,2025-02,True,800000.0
P000657,K00059,2025-03,True,800000.0
P000658,K00059,2025-04,True,800000.0
P000659,K00059,2025-05,True,800000.0
P000660,K00059,2025-06,True,800000.0
P000661,K00059,2025-07,True,800000.0
P000662,K00059,2025-08,True,800000.0
P000663,K00059,2025-09,True,800000.0
P000664,K00059,2025-10,False,
P000665,K00059,2025-11,True,800000.0
P000666,K00060,2025-02,True,450000.0
P000667,K00060,2025-03,True,450000.0
P000668,K00060,2025-04,True,450000.0
P000669,K00060,2025-05,True,450000.0
P000670,K00060,2025-06,True,450000.0
P000671,K00061,2025-02,True,800000.0
P000672,K00061,2025-03,True,800000.0
P000673,K00061,2025-04,True,800000.0
P000674,K00061,2025-05,True,800000.0
P000675,K00061,2025-06,True,800000.0
P000676,K00061,2025-07,True,800000.0
P000677,K00061,2025-08,True,800000.0
P000678,K00061,2025-09,True,800000.0
P000679,K00062,2025-03,True,650000.0
P000680,K00062,2025-04,True,650000.0
P000681,K00062,2025-05,True,650000.0
P000682,K00062,2025-06,True,650000.0
P000683,K00062,2025-07,True,650000.0
P000684,K00062,2025-08,True,650000.0
P000685,K00063,2025-02,True,1200000.0
P000686,K00063,2025-03,True,1200000.0
P000687,K00063,2025-04,True,1200000.0
P000688,K00064,2025-03,True,650000.0
P000689,K00064,2025-04,True,650000.0
P000690,K00064,2025-05,True,650000.0
P000691,K00064,2025-06,True,650000.0
P000692,K00064,2025-07,False,
P000693,K00064,2025-08,True,650000.0
P000694,K00064,2025-09,True,650000.0
P000695,K00064,2025-10,True,650000.0
P000696,K00065,2025-03,True,650000.0
P000697,K00065,2025-04,True,650000.0
P000698,K00065,2025-05,True,650000.0
P000699,K00065,2025-06,True,650000.0
P000700,K00065,2025-07,True,650000.0
P000701,K00065,2025-08,True,650000.0
P000702,K00065,2025-09,True,650000.0
P000703,K00065,2025-10,True,650000.0
P000704,K00065,2025-11,True,650000.0
P000705,K00066,2025-03,True,1200000.0
P000706,K00066,2025-04,True,1200000.0
P000707,K00066,2025-05,True,1200000.0
P000708,K00066,2025-06,True,1200000.0
P000709,K00066,2025-07,True,1200000.0
P000710,K00066,2025-08,True,1200000.0
P000711,K00066,2025-09,True,1200000.0
P000712,K00066,2025-10,True,1200000.0
P000713,K00066,2025-11,True,1200000.0
P000714,K00066,2025-12,True,1200000.0
P000715,K00066,2026-01,True,1200000.0
P000716,K00067,2025-03,True,650000.0
P000717,K00067,2025-04,True,650000.0
P000718,K00067,2025-05,True,650000.0
P000719,K00067,2025-06,True,650000.0
P000720,K00067,2025-07,True,650000.0
P000721,K00067,2025-08,True,650000.0
P000722,K00068,2025-03,True,650000.0
P000723,K00068,2025-04,True,650000.0
P000724,K00068,2025-05,True,650000.0
P000725,K00068,2025-06,True,650000.0
P000726,K00068,2025-07,True,650000.0
P000727,K00068,2025-08,True,650000.0
P000728,K00068,2025-09,True,650000.0
P000729,K00068,2025-10,True,650000.0
P000730,K00068,2025-11,True,650000.0
P000731,K00068,2025-12,True,650000.0
P000732,K00069,2025-04,True,550000.0
P000733,K00069,2025-05,True,550000.0
P000734,K00069,2025-06,True,550000.0
P000735,K00069,2025-07,True,550000.0
P000736,K00070,2025-04,True,650000.0
P000737,K00070,2025-05,True,650000.0
P000738,K00070,2025-06,True,650000.0
P000739,K00070,2025-07,True,650000.0
P000740,K00070,2025-08,True,650000.0
P000741,K00070,2025-09,True,650000.0
P000742,K00070,2025-10,True,650000.0
P000743,K00070,2025-11,True,650000.0
P000744,K00071,2025-03,False,
P000745,K00071,2025-04,True,450000.0
P000746,K00071,2025-05,True,450000.0
P000747,K00071,2025-06,True,450000.0
P000748,K00071,2025-07,True,450000.0
P000749,K00071,2025-08,True,450000.0
P000750,K00072,2025-04,True,800000.0
P000751,K00072,2025-05,True,800000.0
P000752,K00072,2025-06,True,800000.0
P000753,K00073,2025-05,True,550000.0
P000754,K00073,2025-06,True,550000.0
P000755,K00073,2025-07,True,550000.0
P000756,K00073,2025-08,True,550000.0
P000757,K00073,2025-09,True,550000.0
P000758,K00073,2025-10,True,550000.0
P000759,K00073,2025-11,False,
P000760,K00073,2025-12,False,
P000761,K00074,2025-05,True,1200000.0
P000762,K00074,2025-06,True,1200000.0
P000763,K00074,2025-07,True,1200000.0
P000764,K00074,2025-08,True,1200000.0
P000765,K00074,2025-09,True,1200000.0
P000766,K00074,2025-10,True,1200000.0
P000767,K00075,2025-04,True,800000.0
P000768,K00075,2025-05,False,
P000769,K00075,2025-06,True,800000.0
P000770,K00075,2025-07,True,800000.0
P000771,K00075,2025-08,True,800000.0
P000772,K00075,2025-09,True,800000.0
P000773,K00075,2025-10,True,800000.0
P000774,K00075,2025-11,True,800000.0
P000775,K00075,2025-12,True,800000.0
P000776,K00075,2026-01,True,800000.0
P000777,K00075,2026-02,True,800000.0
P000778,K00076,2025-04,True,450000.0
P000779,K00076,2025-05,True,450000.0
P000780,K00076,2025-06,True,450000.0
P000781,K00077,2025-05,True,1200000.0
P000782,K00077,2025-06,True,1200000.0
P000783,K00077,2025-07,True,1200000.0
P000784,K00077,2025-08,False,
P000785,K00077,2025-09,True,1200000.0
P000786,K00077,2025-10,True,1200000.0
P000787,K00077,2025-11,False,
P000788,K00078,2025-05,True,1200000.0
P000789,K00078,2025-06,True,1200000.0
P000790,K00078,2025-07,True,1200000.0
P000791,K00078,2025-08,True,1200000.0
P000792,K00078,2025-09,True,1200000.0
P000793,K00078,2025-10,False,
P000794,K00078,2025-11,True,1200000.0
P000795,K00078,2025-12,True,1200000.0
P000796,K00078,2026-01,True,1200000.0
P000797,K00078,2026-02,True,1200000.0
P000798,K00078,2026-03,False,
P000799,K00079,2025-06,False,
P000800,K00079,2025-07,True,650000.0
P000801,K00079,2025-08,True,650000.0
P000802,K00079,2025-09,True,650000.0
P000803,K00079,2025-10,True,650000.0
P000804,K00080,2025-05,True,650000.0
P000805,K00080,2025-06,True,650000.0
P000806,K00080,2025-07,True,650000.0
P000807,K00081,2025-05,False,
P000808,K00081,2025-06,True,1200000.0
P000809,K00081,2025-07,True,1200000.0
P000810,K00081,2025-08,True,1200000.0
P000811,K00081,2025-09,True,1200000.0
P000812,K00081,2025-10,True,1200000.0
P000813,K00082,2025-06,True,650000.0
P000814,K00082,2025-07,True,650000.0
P000815,K00082,2025-08,True,650000.0
P000816,K00082,2025-09,True,650000.0
P000817,K00083,2025-05,True,450000.0
P000818,K00083,2025-06,True,450000.0
P000819,K00083,2025-07,True,450000.0
P000820,K00083,2025-08,True,450000.0
P000821,K00083,2025-09,True,450000.0
P000822,K00083,2025-10,True,450000.0
P000823,K00083,2025-11,True,450000.0
P000824,K00083,2025-12,True,450000.0
P000825,K00083,2026-01,True,450000.0
P000826,K00084,2025-06,True,450000.0
P000827,K00084,2025-07,True,450000.0
P000828,K00084,2025-08,True,450000.0
P000829,K00084,2025-09,True,450000.0
P000830,K00084,2025-10,True,450000.0
P000831,K00084,2025-11,True,450000.0
P000832,K00084,2025-12,True,450000.0
P000833,K00084,2026-01,True,450000.0
P000834,K00085,2025-06,True,650000.0
P000835,K00085,2025-07,True,650000.0
P000836,K00085,2025-08,True,650000.0
P000837,K00086,2025-07,True,550000.0
P000838,K00086,2025-08,True,550000.0
P000839,K00086,2025-09,True,550000.0
P000840,K00086,2025-10,True,550000.0
P000841,K00087,2025-07,True,450000.0
P000842,K00087,2025-08,True,450000.0
P000843,K00087,2025-09,True,450000.0
P000844,K00087,2025-10,True,450000.0
P000845,K00087,2025-11,True,450000.0
P000846,K00087,2025-12,True,450000.0
P000847,K00087,2026-01,True,450000.0
P000848,K00087,2026-02,True,450000.0
P000849,K00087,2026-03,True,450000.0
P000850,K00087,2026-04,True,450000.0
P000851,K00088,2025-07,True,450000.0
P000852,K00088,2025-08,True,450000.0
P000853,K00088,2025-09,True,450000.0
P000854,K00088,2025-10,True,450000.0
P000855,K00088,2025-11,True,450000.0
P000856,K00088,2025-12,True,450000.0
P000857,K00088,2026-01,True,450000.0
P000858,K00089,2025-06,False,
P000859,K00089,2025-07,True,450000.0
P000860,K00089,2025-08,True,450000.0
P000861,K00090,2025-07,True,550000.0
P000862,K00090,2025-08,True,550000.0
P000863,K00090,2025-09,True,550000.0
P000864,K00090,2025-10,True,550000.0
P000865,K00091,2025-07,True,550000.0
P000866,K00091,2025-08,True,550000.0
P000867,K00091,2025-09,True,550000.0
P000868,K00091,2025-10,True,550000.0
P000869,K00091,2025-11,True,550000.0
P000870,K00091,2025-12,True,550000.0
P000871,K00091,2026-01,True,550000.0
P000872,K00092,2025-08,True,1200000.0
P000873,K00092,2025-09,True,1200000.0
P000874,K00092,2025-10,True,1200000.0
P000875,K00092,2025-11,True,1200000.0
P000876,K00092,2025-12,True,1200000.0
P000877,K00092,2026-01,True,1200000.0
P000878,K00092,2026-02,True,1200000.0
P000879,K00092,2026-03,True,1200000.0
P000880,K00093,2025-08,True,450000.0
P000881,K00093,2025-09,True,450000.0
P000882,K00093,2025-10,True,450000.0
P000883,K00093,2025-11,True,450000.0
P000884,K00093,2025-12,True,450000.0
P000885,K00093,2026-01,True,450000.0
P000886,K00093,2026-02,True,450000.0
P000887,K00093,2026-03,True,450000.0
P000888,K00093,2026-04,True,450000.0
P000889,K00093,2026-05,True,450000.0
P000890,K00093,2026-06,True,450000.0
P000891,K00094,2025-08,True,800000.0
P000892,K00094,2025-09,True,800000.0
P000893,K00094,2025-10,True,800000.0
P000894,K00094,2025-11,True,800000.0
P000895,K00094,2025-12,True,800000.0
P000896,K00094,2026-01,True,800000.0
P000897,K00094,2026-02,True,800000.0
P000898,K00094,2026-03,True,800000.0
P000899,K00094,2026-04,True,800000.0
P000900,K00095,2025-07,True,550000.0
P000901,K00095,2025-08,True,550000.0
P000902,K00096,2025-07,True,550000.0
P000903,K00096,2025-08,True,550000.0
P000904,K00096,2025-09,True,550000.0
P000905,K00096,2025-10,True,550000.0
P000906,K00096,2025-11,True,550000.0
P000907,K00096,2025-12,True,550000.0
P000908,K00096,2026-01,True,550000.0
P000909,K00096,2026-02,True,550000.0
P000910,K00096,2026-03,True,550000.0
P000911,K00096,2026-04,False,
P000912,K00096,2026-05,True,550000.0
P000913,K00097,2025-08,True,550000.0
P000914,K00097,2025-09,True,550000.0
P000915,K00098,2025-08,True,550000.0
P000916,K00098,2025-09,True,550000.0
P000917,K00098,2025-10,True,550000.0
P000918,K00098,2025-11,True,550000.0
P000919,K00099,2025-08,True,800000.0
P000920,K00099,2025-09,True,800000.0
P000921,K00099,2025-10,True,800000.0
P000922,K00099,2025-11,True,800000.0
P000923,K00099,2025-12,True,800000.0
P000924,K00099,2026-01,True,800000.0
P000925,K00099,2026-02,True,800000.0
P000926,K00100,2025-08,True,550000.0
P000927,K00100,2025-09,True,550000.0
P000928,K00100,2025-10,True,550000.0
P000929,K00100,2025-11,True,550000.0
P000930,K00100,2025-12,True,550000.0
P000931,K00100,2026-01,True,550000.0
P000932,K00100,2026-02,True,550000.0
P000933,K00101,2025-07,True,650000.0
P000934,K00101,2025-08,True,650000.0
P000935,K00101,2025-09,True,650000.0
P000936,K00101,2025-10,True,650000.0
P000937,K00101,2025-11,True,650000.0
P000938,K00101,2025-12,True,650000.0
P000939,K00101,2026-01,True,650000.0
P000940,K00101,2026-02,True,650000.0
P000941,K00101,2026-03,True,650000.0
P000942,K00101,2026-04,True,650000.0
P000943,K00101,2026-05,True,650000.0
P000944,K00102,2025-07,True,650000.0
P000945,K00102,2025-08,True,650000.0
P000946,K00102,2025-09,True,650000.0
P000947,K00102,2025-10,True,650000.0
P000948,K00103,2025-08,True,650000.0
P000949,K00103,2025-09,True,650000.0
P000950,K00103,2025-10,True,650000.0
P000951,K00103,2025-11,True,650000.0
P000952,K00103,2025-12,True,650000.0
P000953,K00103,2026-01,True,650000.0
P000954,K00103,2026-02,True,650000.0
P000955,K00103,2026-03,True,650000.0
P000956,K00103,2026-04,True,650000.0
P000957,K00104,2025-08,False,
P000958,K00105,2025-09,True,550000.0
P000959,K00105,2025-10,True,550000.0
P000960,K00105,2025-11,True,550000.0
P000961,K00105,2025-12,True,550000.0
P000962,K00105,2026-01,True,550000.0
P000963,K00106,2025-08,True,650000.0
P000964,K00106,2025-09,True,650000.0
P000965,K00106,2025-10,True,650000.0
P000966,K00106,2025-11,False,
P000967,K00106,2025-12,True,650000.0
P000968,K00106,2026-01,True,650000.0
P000969,K00106,2026-02,True,650000.0
P000970,K00106,2026-03,True,650000.0
P000971,K00106,2026-04,True,650000.0
P000972,K00107,2025-09,True,450000.0
P000973,K00107,2025-10,True,450000.0
P000974,K00107,2025-11,True,450000.0
P000975,K00107,2025-12,True,450000.0
P000976,K00107,2026-01,True,450000.0
P000977,K00107,2026-02,True,450000.0
P000978,K00107,2026-03,True,450000.0
P000979,K00108,2025-08,True,450000.0
P000980,K00108,2025-09,True,450000.0
P000981,K00108,2025-10,True,450000.0
P000982,K00108,2025-11,True,450000.0
P000983,K00108,2025-12,True,450000.0
P000984,K00108,2026-01,True,450000.0
P000985,K00108,2026-02,True,450000.0
P000986,K00108,2026-03,True,450000.0
P000987,K00108,2026-04,True,450000.0
P000988,K00109,2025-08,True,450000.0
P000989,K00109,2025-09,True,450000.0
P000990,K00109,2025-10,True,450000.0
P000991,K00109,2025-11,True,450000.0
P000992,K00109,2025-12,True,450000.0
P000993,K00109,2026-01,True,450000.0
P000994,K00109,2026-02,True,450000.0
P000995,K00109,2026-03,True,450000.0
P000996,K00110,2025-08,False,
P000997,K00110,2025-09,True,650000.0
P000998,K00110,2025-10,True,650000.0
P000999,K00110,2025-11,True,650000.0
P001000,K00110,2025-12,True,650000.0
P001001,K00110,2026-01,True,650000.0
P001002,K00110,2026-02,True,650000.0
P001003,K00110,2026-03,True,650000.0
P001004,K00110,2026-04,True,650000.0
P001005,K00110,2026-05,True,650000.0
P001006,K00111,2025-08,True,1200000.0
P001007,K00111,2025-09,True,1200000.0
P001008,K00111,2025-10,True,1200000.0
P001009,K00111,2025-11,True,1200000.0
P001010,K00111,2025-12,True,1200000.0
P001011,K00112,2025-09,True,550000.0
P001012,K00113,2025-10,True,450000.0
P001013,K00113,2025-11,True,450000.0
P001014,K00113,2025-12,True,450000.0
P001015,K00113,2026-01,True,450000.0
P001016,K00113,2026-02,True,450000.0
P001017,K00113,2026-03,True,450000.0
P001018,K00113,2026-04,True,450000.0
P001019,K00113,2026-05,True,450000.0
P001020,K00114,2025-10,True,650000.0
P001021,K00114,2025-11,True,650000.0
P001022,K00114,2025-12,False,
P001023,K00114,2026-01,True,650000.0
P001024,K00114,2026-02,True,650000.0
P001025,K00114,2026-03,True,650000.0
P001026,K00114,2026-04,True,650000.0
P001027,K00114,2026-05,True,650000.0
P001028,K00115,2025-09,True,650000.0
P001029,K00115,2025-10,True,650000.0
P001030,K00115,2025-11,True,650000.0
P001031,K00116,2025-10,True,550000.0
P001032,K00116,2025-11,True,550000.0
P001033,K00116,2025-12,True,550000.0
P001034,K00116,2026-01,True,550000.0
P001035,K00116,2026-02,True,550000.0
P001036,K00116,2026-03,True,550000.0
P001037,K00117,2025-09,True,1200000.0
P001038,K00117,2025-10,True,1200000.0
P001039,K00117,2025-11,True,1200000.0
P001040,K00117,2025-12,True,1200000.0
P001041,K00117,2026-01,True,1200000.0
P001042,K00117,2026-02,True,1200000.0
P001043,K00118,2025-09,True,650000.0
P001044,K00118,2025-10,True,650000.0
P001045,K00118,2025-11,True,650000.0
P001046,K00118,2025-12,True,650000.0
P001047,K00118,2026-01,False,
P001048,K00119,2025-09,True,450000.0
P001049,K00119,2025-10,True,450000.0
P001050,K00119,2025-11,True,450000.0
P001051,K00119,2025-12,True,450000.0
P001052,K00119,2026-01,False,
P001053,K00119,2026-02,True,450000.0
P001054,K00119,2026-03,True,450000.0
P001055,K00120,2025-10,False,
P001056,K00120,2025-11,True,800000.0
P001057,K00120,2025-12,True,800000.0
P001058,K00120,2026-01,True,800000.0
P001059,K00120,2026-02,True,800000.0
P001060,K00120,2026-03,True,800000.0
P001061,K00120,2026-04,True,800000.0
P001062,K00120,2026-05,True,800000.0
P001063,K00120,2026-06,True,800000.0
P001064,K00120,2026-07,True,800000.0
P001065,K00121,2025-09,True,650000.0
P001066,K00121,2025-10,True,650000.0
P001067,K00121,2025-11,True,650000.0
P001068,K00121,2025-12,True,650000.0
P001069,K00121,2026-01,True,650000.0
P001070,K00121,2026-02,True,650000.0
P001071,K00121,2026-03,True,650000.0
P001072,K00121,2026-04,True,650000.0
P001073,K00121,2026-05,True,650000.0
P001074,K00122,2025-11,True,800000.0
P001075,K00122,2025-12,True,800000.0
P001076,K00123,2025-11,True,1200000.0
P001077,K00123,2025-12,True,1200000.0
P001078,K00123,2026-01,True,1200000.0
P001079,K00123,2026-02,True,1200000.0
P001080,K00124,2025-10,True,450000.0
P001081,K00124,2025-11,True,450000.0
P001082,K00124,2025-12,True,450000.0
P001083,K00124,2026-01,True,450000.0
P001084,K00125,2025-12,True,450000.0
P001085,K00125,2026-01,True,450000.0
P001086,K00125,2026-02,True,450000.0
P001087,K00125,2026-03,True,450000.0
P001088,K00125,2026-04,True,450000.0
P001089,K00125,2026-05,True,450000.0
P001090,K00126,2025-12,True,1200000.0
P001091,K00126,2026-01,True,1200000.0
P001092,K00127,2025-11,True,550000.0
P001093,K00127,2025-12,False,
P001094,K00127,2026-01,False,
P001095,K00127,2026-02,True,550000.0
P001096,K00128,2025-12,True,550000.0
P001097,K00128,2026-01,True,550000.0
P001098,K00128,2026-02,True,550000.0
P001099,K00128,2026-03,True,550000.0
P001100,K00128,2026-04,True,550000.0
P001101,K00129,2025-12,True,800000.0
P001102,K00129,2026-01,True,800000.0
P001103,K00129,2026-02,True,800000.0
P001104,K00129,2026-03,False,
P001105,K00129,2026-04,True,800000.0
P001106,K00129,2026-05,True,800000.0
P001107,K00129,2026-06,True,800000.0
P001108,K00129,2026-07,True,800000.0
P001109,K00129,2026-08,True,800000.0
P001110,K00130,2025-11,True,550000.0
P001111,K00130,2025-12,True,550000.0
P001112,K00130,2026-01,True,550000.0
P001113,K00130,2026-02,False,
P001114,K00130,2026-03,True,550000.0
P001115,K00130,2026-04,True,550000.0
P001116,K00130,2026-05,True,550000.0
P001117,K00131,2025-12,True,800000.0
P001118,K00132,2025-12,True,450000.0
P001119,K00132,2026-01,True,450000.0
P001120,K00132,2026-02,True,450000.0
P001121,K00132,2026-03,False,
P001122,K00132,2026-04,True,450000.0
P001123,K00132,2026-05,True,450000.0
P001124,K00132,2026-06,True,450000.0
P001125,K00132,2026-07,True,450000.0
P001126,K00133,2025-12,True,550000.0
P001127,K00133,2026-01,True,550000.0
P001128,K00134,2025-12,True,650000.0
P001129,K00134,2026-01,True,650000.0
P001130,K00134,2026-02,True,650000.0
P001131,K00134,2026-03,True,650000.0
P001132,K00134,2026-04,True,650000.0
P001133,K00134,2026-05,True,650000.0
P001134,K00134,2026-06,True,650000.0
P001135,K00134,2026-07,True,650000.0
P001136,K00134,2026-08,True,650000.0
P001137,K00134,2026-09,False,
P001138,K00134,2026-10,True,650000.0
P001139,K00135,2025-12,True,450000.0
P001140,K00136,2025-12,True,800000.0
P001141,K00136,2026-01,True,800000.0
P001142,K00136,2026-02,True,800000.0
P001143,K00136,2026-03,True,800000.0
P001144,K00137,2025-12,True,450000.0
P001145,K00137,2026-01,True,450000.0
P001146,K00137,2026-02,True,450000.0
P001147,K00137,2026-03,True,450000.0
P001148,K00137,2026-04,True,450000.0
P001149,K00137,2026-05,True,450000.0
P001150,K00137,2026-06,False,
P001151,K00137,2026-07,True,450000.0
P001152,K00137,2026-08,True,450000.0
P001153,K00138,2025-12,True,450000.0
P001154,K00138,2026-01,True,450000.0
P001155,K00138,2026-02,True,450000.0
P001156,K00138,2026-03,True,450000.0
P001157,K00138,2026-04,True,450000.0
P001158,K00138,2026-05,True,450000.0
P001159,K00139,2025-10,True,450000.0
P001160,K00139,2025-11,True,450000.0
P001161,K00139,2025-12,True,450000.0
P001162,K00139,2026-01,True,450000.0
P001163,K00139,2026-02,True,450000.0
P001164,K00139,2026-03,False,
P001165,K00139,2026-04,True,450000.0
P001166,K00139,2026-05,True,450000.0
P001167,K00139,2026-06,True,450000.0
P001168,K00139,2026-07,True,450000.0
P001169,K00139,2026-08,True,450000.0
