visit_id,lead_id,scheduled_date,visit_date
V00001,L00019,2024-07-03,2024-07-03
V00002,L00029,2024-06-19,
V00003,L00032,2024-06-14,2024-06-14
V00004,L00035,2024-06-30,2024-06-30
V00005,L00037,2024-06-25,2024-06-25
V00006,L00042,2024-06-29,
V00007,L00050,2024-06-27,2024-06-27
V00008,L00052,2024-06-16,2024-06-16
V00009,L00057,2024-06-27,2024-06-27
V00010,L00061,2024-06-08,2024-06-08
V00011,L00065,2024-06-22,2024-06-22
V00012,L00066,2024-07-01,
V00013,L00069,2024-06-26,
V00014,L00070,2024-06-26,2024-06-26
V00015,L00071,2024-06-15,2024-06-15
V00016,L00074,2024-07-08,2024-07-08
V00017,L00075,2024-06-24,2024-06-24
V00018,L00078,2024-06-11,2024-06-11
V00019,L00087,2024-07-26,
V00020,L00088,2024-07-11,2024-07-11
V00021,L00089,2024-07-26,2024-07-26
V00022,L00102,2024-07-18,2024-07-18
V00023,L00105,2024-07-12,2024-07-12
V00024,L00107,2024-07-21,2024-07-21
V00025,L00111,2024-08-09,2024-08-09
V00026,L00113,2024-07-30,
V00027,L00120,2024-08-03,2024-08-03
V00028,L00123,2024-07-27,2024-07-27
V00029,L00130,2024-07-17,
V00030,L00141,2024-07-08,2024-07-08
V00031,L00142,2024-07-29,
V00032,L00150,2024-07-17,2024-07-17
V00033,L00154,2024-07-31,2024-07-31
V00034,L00157,2024-07-23,
V00035,L00161,2024-07-31,2024-07-31
V00036,L00164,2024-08-02,2024-08-02
V00037,L00165,2024-07-24,2024-07-24
V00038,L00172,2024-08-10,2024-08-10
V00039,L00173,2024-08-31,2024-08-31
V00040,L00174,2024-08-31,2024-08-31
V00041,L00175,2024-08-22,
V00042,L00178,2024-08-17,2024-08-17
V00043,L00184,2024-09-03,2024-09-03
V00044,L00186,2024-08-20,2024-08-20
V00045,L00188,2024-08-11,2024-08-11
V00046,L00192,2024-08-23,2024-08-23
V00047,L00194,2024-08-18,2024-08-18
V00048,L00201,2024-09-02,2024-09-02
V00049,L00202,2024-08-20,2024-08-20
V00050,L00206,2024-08-18,
V00051,L00208,2024-08-08,
V00052,L00209,2024-08-12,2024-08-12
V00053,L00212,2024-08-29,2024-08-29
V00054,L00214,2024-08-28,2024-08-28
V00055,L00215,2024-08-31,2024-08-31
V00056,L00216,2024-08-16,2024-08-16
V00057,L00217,2024-09-28,2024-09-28
V00058,L00218,2024-09-13,2024-09-13
V00059,L00219,2024-09-07,2024-09-07
V00060,L00220,2024-09-18,2024-09-18
V00061,L00221,2024-10-03,2024-10-03
V00062,L00227,2024-10-01,2024-10-01
V00063,L00228,2024-09-22,2024-09-22
V00064,L00229,2024-09-27,2024-09-27
V00065,L00230,2024-10-01,2024-10-01
V00066,L00235,2024-09-15,2024-09-15
V00067,L00241,2024-09-21,2024-09-21
V00068,L00245,2024-09-10,2024-09-10
V00069,L00251,2024-09-20,2024-09-20
V00070,L00253,2024-10-01,2024-10-01
V00071,L00254,2024-09-07,2024-09-07
V00072,L00255,2024-09-11,2024-09-11
V00073,L00257,2024-09-11,2024-09-11
V00074,L00259,2024-09-23,2024-09-23
V00075,L00261,2024-09-22,2024-09-22
V00076,L00262,2024-09-30,2024-09-30
V00077,L00264,2024-09-18,2024-09-18
V00078,L00266,2024-09-15,2024-09-15
V00079,L00271,2024-09-07,2024-09-07
V00080,L00274,2024-09-22,2024-09-22
V00081,L00280,2024-09-17,2024-09-17
V00082,L00283,2024-09-30,2024-09-30
V00083,L00285,2024-09-17,2024-09-17
V00084,L00287,2024-09-17,2024-09-17
V00085,L00288,2024-10-02,2024-10-02
V00086,L00289,2024-09-24,2024-09-24
V00087,L00293,2024-10-05,2024-10-05
V00088,L00294,2024-09-12,
V00089,L00296,2024-09-23,2024-09-23
V00090,L00299,2024-09-25,2024-09-25
V00091,L00304,2024-09-19,2024-09-19
V00092,L00311,2024-10-15,2024-10-15
V00093,L00325,2024-10-30,2024-10-30
V00094,L00326,2024-11-03,2024-11-03
V00095,L00327,2024-11-02,2024-11-02
V00096,L00330,2024-10-06,2024-10-06
V00097,L00332,2024-10-27,
V00098,L00339,2024-10-19,2024-10-19
V00099,L00340,2024-10-18,2024-10-18
V00100,L00341,2024-10-13,2024-10-13
V00101,L00344,2024-11-02,2024-11-02
V00102,L00345,2024-10-31,
V00103,L00348,2024-10-29,2024-10-29
V00104,L00351,2024-10-17,2024-10-17
V00105,L00353,2024-10-17,2024-10-17
V00106,L00355,2024-10-13,2024-10-13
V00107,L00360,2024-10-22,
V00108,L00363,2024-10-17,2024-10-17
V00109,L00365,2024-10-22,
V00110,L00371,2024-11-29,2024-11-29
V00111,L00373,2024-11-25,2024-11-25
V00112,L00375,2024-11-17,
V00113,L00387,2024-12-07,
V00114,L00403,2024-11-26,
V00115,L00408,2024-11-28,2024-11-28
V00116,L00415,2024-11-17,2024-11-17
V00117,L00421,2024-12-06,2024-12-06
V00118,L00423,2024-11-21,2024-11-21
V00119,L00427,2024-12-07,
V00120,L00429,2024-11-28,2024-11-28
V00121,L00430,2024-11-21,2024-11-21
V00122,L00431,2024-11-20,2024-11-20
V00123,L00437,2024-12-30,2024-12-30
V00124,L00438,2024-12-30,2024-12-30
V00125,L00439,2024-12-24,2024-12-24
V00126,L00440,2024-12-31,2024-12-31
V00127,L00445,2024-12-27,
V00128,L00450,2024-12-31,2024-12-31
V00129,L00456,2025-01-06,2025-01-06
V00130,L00459,2025-01-06,2025-01-06
V00131,L00460,2024-12-09,2024-12-09
V00132,L00462,2024-12-10,2024-12-10
V00133,L00464,2025-01-01,2025-01-01
V00134,L00467,2024-12-22,2024-12-22
V00135,L00473,2024-12-30,2024-12-30
V00136,L00475,2024-12-12,2024-12-12
V00137,L00476,2024-12-30,2024-12-30
V00138,L00481,2024-12-18,2024-12-18
V00139,L00482,2024-12-27,2024-12-27
V00140,L00483,2024-12-20,2024-12-20
V00141,L00485,2024-12-19,2024-12-19
V00142,L00487,2024-12-24,2024-12-24
V00143,L00488,2025-01-02,2025-01-02
V00144,L00489,2024-12-30,2024-12-30
V00145,L00491,2024-12-17,2024-12-17
V00146,L00492,2024-12-14,2024-12-14
V00147,L00499,2024-12-15,2024-12-15
V00148,L00504,2024-12-15,2024-12-15
V00149,L00505,2025-01-03,2025-01-03
V00150,L00520,2025-01-17,2025-01-17
V00151,L00524,2025-01-11,2025-01-11
V00152,L00528,2025-01-28,2025-01-28
V00153,L00529,2025-01-06,2025-01-06
V00154,L00531,2025-01-13,2025-01-13
V00155,L00532,2025-02-03,
V00156,L00534,2025-02-05,2025-02-05
V00157,L00538,2025-01-23,2025-01-23
V00158,L00539,2025-01-25,2025-01-25
V00159,L00543,2025-01-13,2025-01-13
V00160,L00552,2025-02-03,2025-02-03
V00161,L00558,2025-01-25,2025-01-25
V00162,L00561,2025-01-24,2025-01-24
V00163,L00567,2025-02-03,2025-02-03
V00164,L00570,2025-01-29,2025-01-29
V00165,L00573,2025-01-25,2025-01-25
V00166,L00574,2025-02-04,2025-02-04
V00167,L00575,2025-02-07,
V00168,L00582,2025-02-01,
V00169,L00588,2025-01-25,2025-01-25
V00170,L00595,2025-03-03,2025-03-03
V00171,L00598,2025-02-27,2025-02-27
V00172,L00602,2025-02-28,2025-02-28
V00173,L00606,2025-02-18,2025-02-18
V00174,L00607,2025-02-15,
V00175,L00609,2025-02-19,2025-02-19
V00176,L00613,2025-02-16,2025-02-16
V00177,L00614,2025-02-23,2025-02-23
V00178,L00619,2025-03-10,2025-03-10
V00179,L00622,2025-03-03,
V00180,L00623,2025-02-19,2025-02-19
V00181,L00634,2025-02-12,2025-02-12
V00182,L00635,2025-02-09,2025-02-09
V00183,L00636,2025-03-03,2025-03-03
V00184,L00641,2025-03-06,2025-03-06
V00185,L00644,2025-03-03,2025-03-03
V00186,L00645,2025-03-03,2025-03-03
V00187,L00651,2025-02-14,2025-02-14
V00188,L00652,2025-03-09,2025-03-09
V00189,L00660,2025-03-03,2025-03-03
V00190,L00662,2025-02-12,
V00191,L00663,2025-02-24,
V00192,L00666,2025-03-05,2025-03-05
V00193,L00668,2025-02-28,2025-02-28
V00194,L00674,2025-04-03,2025-04-03
V00195,L00675,2025-03-14,2025-03-14
V00196,L00677,2025-03-30,2025-03-30
V00197,L00678,2025-04-06,2025-04-06
V00198,L00682,2025-03-31,2025-03-31
V00199,L00684,2025-03-29,
V00200,L00685,2025-04-08,
V00201,L00686,2025-03-07,2025-03-07
V00202,L00691,2025-03-19,2025-03-19
V00203,L00693,2025-04-03,2025-04-03
V00204,L00695,2025-03-12,2025-03-12
V00205,L00704,2025-03-12,2025-03-12
V00206,L00706,2025-03-24,2025-03-24
V00207,L00712,2025-03-31,2025-03-31
V00208,L00714,2025-04-04,2025-04-04
V00209,L00717,2025-03-18,2025-03-18
V00210,L00726,2025-04-03,2025-04-03
V00211,L00736,2025-03-22,2025-03-22
V00212,L00741,2025-05-02,2025-05-02
V00213,L00747,2025-05-07,2025-05-07
V00214,L00748,2025-04-13,2025-04-13
V00215,L00750,2025-04-26,2025-04-26
V00216,L00758,2025-04-10,
V00217,L00760,2025-04-19,
V00218,L00764,2025-04-30,2025-04-30
V00219,L00766,2025-04-14,2025-04-14
V00220,L00767,2025-04-15,2025-04-15
V00221,L00769,2025-04-16,2025-04-16
V00222,L00776,2025-04-12,2025-04-12
V00223,L00785,2025-05-06,2025-05-06
V00224,L00789,2025-04-24,2025-04-24
V00225,L00791,2025-04-09,2025-04-09
V00226,L00792,2025-04-16,2025-04-16
V00227,L00793,2025-05-02,2025-05-02
V00228,L00795,2025-04-13,2025-04-13
V00229,L00798,2025-04-22,2025-04-22
V00230,L00800,2025-04-20,2025-04-20
V00231,L00813,2025-05-20,2025-05-20
V00232,L00815,2025-06-04,2025-06-04
V00233,L00822,2025-05-22,2025-05-22
V00234,L00827,2025-05-15,2025-05-15
V00235,L00830,2025-05-24,2025-05-24
V00236,L00831,2025-05-17,
V00237,L00833,2025-05-14,2025-05-14
V00238,L00835,2025-05-26,2025-05-26
V00239,L00837,2025-05-15,2025-05-15
V00240,L00844,2025-05-07,2025-05-07
V00241,L00846,2025-05-19,2025-05-19
V00242,L00847,2025-05-20,2025-05-20
V00243,L00848,2025-05-21,2025-05-21
V00244,L00852,2025-06-01,2025-06-01
V00245,L00853,2025-05-16,2025-05-16
V00246,L00854,2025-05-27,2025-05-27
V00247,L00855,2025-06-02,2025-06-02
V00248,L00857,2025-05-28,2025-05-28
V00249,L00867,2025-05-26,2025-05-26
V00250,L00874,2025-06-07,2025-06-07
V00251,L00875,2025-06-18,2025-06-18
V00252,L00876,2025-06-16,2025-06-16
V00253,L00879,2025-06-26,2025-06-26
V00254,L00882,2025-06-21,
V00255,L00897,2025-06-15,2025-06-15
V00256,L00905,2025-06-24,2025-06-24
V00257,L00906,2025-07-06,2025-07-06
V00258,L00915,2025-07-05,2025-07-05
V00259,L00916,2025-06-06,2025-06-06
V00260,L00917,2025-06-12,2025-06-12
V00261,L00921,2025-06-11,2025-06-11
V00262,L00922,2025-06-18,2025-06-18
V00263,L00925,2025-07-01,2025-07-01
V00264,L00932,2025-06-26,2025-06-26
V00265,L00934,2025-06-19,2025-06-19
V00266,L00940,2025-07-17,
V00267,L00942,2025-07-24,2025-07-24
V00268,L00944,2025-07-19,2025-07-19
V00269,L00945,2025-08-03,2025-08-03
V00270,L00948,2025-07-28,2025-07-28
V00271,L00950,2025-07-10,2025-07-10
V00272,L00952,2025-07-14,2025-07-14
V00273,L00954,2025-07-23,
V00274,L00958,2025-08-01,2025-08-01
V00275,L00970,2025-07-31,2025-07-31
V00276,L00973,2025-07-17,2025-07-17
V00277,L00975,2025-08-02,2025-08-02
V00278,L00984,2025-07-15,2025-07-15
V00279,L00989,2025-07-12,2025-07-12
V00280,L00993,2025-08-04,2025-08-04
V00281,L01000,2025-07-27,2025-07-27
V00282,L01002,2025-07-17,2025-07-17
V00283,L01006,2025-08-06,
V00284,L01007,2025-07-17,2025-07-17
V00285,L01010,2025-08-08,2025-08-08
V00286,L01014,2025-07-20,2025-07-20
V00287,L01016,2025-07-19,2025-07-19
V00288,L01018,2025-07-17,2025-07-17
V00289,L01019,2025-08-01,2025-08-01
V00290,L01021,2025-07-23,2025-07-23
V00291,L01022,2025-07-26,2025-07-26
V00292,L01024,2025-08-06,2025-08-06
V00293,L01027,2025-07-13,2025-07-13
V00294,L01028,2025-08-03,2025-08-03
V00295,L01038,2025-08-16,
V00296,L01040,2025-08-30,2025-08-30
V00297,L01041,2025-08-08,2025-08-08
V00298,L01044,2025-08-28,2025-08-28
V00299,L01053,2025-08-30,2025-08-30
V00300,L01066,2025-08-21,2025-08-21
V00301,L01076,2025-08-27,
V00302,L01085,2025-08-14,2025-08-14
V00303,L01087,2025-09-01,2025-09-01
V00304,L01088,2025-08-09,2025-08-09
V00305,L01094,2025-08-28,2025-08-28
V00306,L01096,2025-08-14,2025-08-14
V00307,L01097,2025-08-19,2025-08-19
V00308,L01103,2025-08-17,2025-08-17
V00309,L01107,2025-08-19,2025-08-19
V00310,L01108,2025-08-12,2025-08-12
V00311,L01115,2025-08-21,2025-08-21
V00312,L01116,2025-09-08,2025-09-08
V00313,L01119,2025-08-11,2025-08-11
V00314,L01123,2025-09-26,2025-09-26
V00315,L01133,2025-10-03,2025-10-03
V00316,L01135,2025-09-16,2025-09-16
V00317,L01137,2025-09-24,2025-09-24
V00318,L01141,2025-09-27,2025-09-27
V00319,L01145,2025-09-09,2025-09-09
V00320,L01148,2025-09-13,2025-09-13
V00321,L01153,2025-09-21,2025-09-21
V00322,L01155,2025-09-24,2025-09-24
V00323,L01165,2025-09-13,2025-09-13
V00324,L01178,2025-09-17,2025-09-17
V00325,L01179,2025-09-28,2025-09-28
V00326,L01182,2025-09-17,2025-09-17
V00327,L01185,2025-09-14,2025-09-14
V00328,L01186,2025-10-02,2025-10-02
V00329,L01187,2025-10-02,
V00330,L01190,2025-09-06,2025-09-06
V00331,L01198,2025-09-23,2025-09-23
V00332,L01203,2025-10-26,2025-10-26
V00333,L01211,2025-10-28,2025-10-28
V00334,L01213,2025-10-21,2025-10-21
V00335,L01214,2025-10-25,2025-10-25
V00336,L01218,2025-10-15,2025-10-15
V00337,L01225,2025-10-08,
V00338,L01234,2025-10-17,
V00339,L01241,2025-10-29,2025-10-29
V00340,L01243,2025-10-26,2025-10-26
V00341,L01244,2025-10-18,
V00342,L01245,2025-10-19,
V00343,L01248,2025-10-11,2025-10-11
V00344,L01253,2025-10-14,2025-10-14
V00345,L01254,2025-10-29,2025-10-29
V00346,L01257,2025-11-02,2025-11-02
V00347,L01263,2025-10-16,2025-10-16
V00348,L01266,2025-10-17,2025-10-17
V00349,L01270,2025-11-07,2025-11-07
V00350,L01279,2025-12-08,2025-12-08
V00351,L01280,2025-11-23,2025-11-23
V00352,L01285,2025-11-18,
V00353,L01290,2025-11-22,
V00354,L01292,2025-11-16,2025-11-16
V00355,L01299,2025-11-11,2025-11-11
V00356,L01301,2025-11-13,2025-11-13
V00357,L01305,2025-11-14,2025-11-14
V00358,L01307,2025-11-08,
V00359,L01308,2025-11-11,2025-11-11
V00360,L01310,2025-11-06,2025-11-06
V00361,L01314,2025-11-23,2025-11-23
V00362,L01320,2025-11-28,2025-11-28
V00363,L01322,2025-11-09,
V00364,L01329,2025-12-04,2025-12-04
V00365,L01335,2025-11-12,2025-11-12
V00366,L01336,2025-11-19,2025-11-19
V00367,L01340,2025-11-28,2025-11-28
V00368,L01343,2025-11-10,2025-11-10
V00369,L01345,2025-11-24,2025-11-24
V00370,L01348,2025-11-26,2025-11-26
V00371,L01350,2025-12-14,2025-12-14
V00372,L01351,2025-12-12,2025-12-12
V00373,L01352,2025-12-30,2025-12-30
V00374,L01360,2025-12-15,2025-12-15
V00375,L01363,2025-12-21,2025-12-21
V00376,L01366,2026-01-04,2026-01-04
V00377,L01371,2025-12-11,2025-12-11
V00378,L01380,2025-12-30,
V00379,L01381,2025-12-28,2025-12-28
V00380,L01384,2025-12-26,
V00381,L01385,2025-12-18,2025-12-18
V00382,L01386,2025-12-22,2025-12-22
V00383,L01387,2025-12-24,2025-12-24
V00384,L01393,2025-12-19,2025-12-19
V00385,L01395,2026-01-02,
V00386,L01396,2025-12-27,
V00387,L01400,2026-01-03,2026-01-03
V00388,L01409,2025-12-14,2025-12-14
V00389,L01410,2025-12-16,
V00390,L01417,2025-12-20,2025-12-20
V00391,L01419,2025-12-16,2025-12-16
V00392,L01422,2025-12-21,2025-12-21
V00393,L01423,2025-12-15,2025-12-15
V00394,L01425,2025-12-15,
V00395,L01427,2025-12-18,2025-12-18
V00396,L01437,2025-08-20,2025-08-20
V00397,L01438,2025-05-29,2025-05-29
V00398,L01440,2024-07-23,2024-07-23
V00399,L01442,2024-09-26,2024-09-26
V00400,L01445,2025-10-20,2025-10-20
V00401,L01447,2024-12-16,2024-12-16
V00402,L01448,2025-12-10,2025-12-10
V00403,L01449,2025-10-02,2025-10-02
V00404,L01453,2024-11-08,2024-11-08
